season,team,win,type
2002,Giants,0,Home
2002,Jaguars,0,Home
2002,Commanders,1,Home
2002,Dolphins,1,Home
2002,Titans,1,Home
2002,Panthers,1,Home
2002,Browns,0,Home
2002,Bengals,0,Home
2002,Bears,1,Home
2002,Bills,0,Home
2002,Packers,1,Home
2002,Broncos,1,Home
2002,Raiders,1,Home
2002,Buccaneers,0,Home
2002,Texans,1,Home
2002,Patriots,1,Home
2002,Saints,1,Home
2002,Ravens,0,Home
2002,Panthers,1,Home
2002,Chiefs,0,Home
2002,Jets,0,Home
2002,Cowboys,1,Home
2002,Browns,1,Home
2002,Falcons,0,Home
2002,Colts,0,Home
2002,Rams,0,Home
2002,Seahawks,0,Home
2002,Vikings,0,Home
2002,Chargers,1,Home
2002,49ers,0,Home
2002,Steelers,0,Home
2002,Commanders,0,Home
2002,Texans,0,Home
2002,Eagles,1,Home
2002,Patriots,1,Home
2002,Bears,0,Home
2002,Dolphins,1,Home
2002,Titans,0,Home
2002,Vikings,0,Home
2002,Broncos,1,Home
2002,Cardinals,0,Home
2002,49ers,1,Home
2002,Lions,0,Home
2002,Giants,1,Home
2002,Falcons,1,Home
2002,Buccaneers,1,Home
2002,Bills,1,Home
2002,Lions,1,Home
2002,Packers,1,Home
2002,Chiefs,1,Home
2002,Rams,0,Home
2002,Eagles,1,Home
2002,Steelers,1,Home
2002,Jaguars,1,Home
2002,Bengals,0,Home
2002,Cardinals,1,Home
2002,Chargers,1,Home
2002,Raiders,1,Home
2002,Seahawks,1,Home
2002,Ravens,1,Home
2002,Panthers,0,Home
2002,Falcons,0,Home
2002,Bills,0,Home
2002,Cowboys,0,Home
2002,Titans,0,Home
2002,Colts,1,Home
2002,Dolphins,1,Home
2002,Saints,1,Home
2002,Jets,0,Home
2002,Broncos,1,Home
2002,49ers,1,Home
2002,Jaguars,1,Home
2002,Browns,0,Home
2002,Bears,0,Home
2002,Texans,0,Home
2002,Commanders,0,Home
2002,Giants,0,Home
2002,Patriots,0,Home
2002,Buccaneers,1,Home
2002,Colts,1,Home
2002,Cowboys,1,Home
2002,Bengals,0,Home
2002,Vikings,1,Home
2002,Titans,1,Home
2002,Rams,1,Home
2002,Chargers,1,Home
2002,Broncos,0,Home
2002,Seahawks,0,Home
2002,Jets,1,Home
2002,Ravens,1,Home
2002,Dolphins,0,Home
2002,Saints,1,Home
2002,Chiefs,0,Home
2002,Rams,1,Home
2002,Lions,1,Home
2002,Falcons,1,Home
2002,Browns,1,Home
2002,Raiders,0,Home
2002,Packers,1,Home
2002,Eagles,1,Home
2002,Cardinals,1,Home
2002,Steelers,1,Home
2002,Ravens,0,Home
2002,Panthers,0,Home
2002,Jets,0,Home
2002,Saints,0,Home
2002,Bills,1,Home
2002,Chiefs,1,Home
2002,Cowboys,0,Home
2002,Bengals,0,Home
2002,Vikings,1,Home
2002,49ers,1,Home
2002,Patriots,0,Home
2002,Jaguars,0,Home
2002,Commanders,1,Home
2002,Eagles,1,Home
2002,Falcons,1,Home
2002,Bills,0,Home
2002,Bears,0,Home
2002,Browns,0,Home
2002,Lions,1,Home
2002,Colts,0,Home
2002,Buccaneers,1,Home
2002,Texans,0,Home
2002,Chargers,0,Home
2002,Seahawks,0,Home
2002,Cardinals,0,Home
2002,Raiders,0,Home
2002,Giants,1,Home
2002,Packers,1,Home
2002,Packers,1,Home
2002,Titans,1,Home
2002,Rams,1,Home
2002,Vikings,0,Home
2002,Eagles,0,Home
2002,Steelers,0,Home
2002,Panthers,0,Home
2002,Ravens,1,Home
2002,Jaguars,1,Home
2002,Cardinals,0,Home
2002,Bears,0,Home
2002,49ers,1,Home
2002,Jets,1,Home
2002,Broncos,0,Home
2002,Eagles,1,Home
2002,Texans,0,Home
2002,Giants,1,Home
2002,Vikings,1,Home
2002,Chiefs,1,Home
2002,Colts,1,Home
2002,Titans,1,Home
2002,Bengals,0,Home
2002,Falcons,1,Home
2002,Chargers,1,Home
2002,Buccaneers,1,Home
2002,Lions,0,Home
2002,Dolphins,1,Home
2002,Seahawks,0,Home
2002,Raiders,1,Home
2002,Rams,1,Home
2002,Panthers,0,Home
2002,Commanders,1,Home
2002,Steelers,1,Home
2002,Ravens,1,Home
2002,Jets,1,Home
2002,Dolphins,1,Home
2002,Patriots,1,Home
2002,Cowboys,1,Home
2002,Bears,1,Home
2002,Saints,0,Home
2002,Cardinals,0,Home
2002,Seahawks,1,Home
2002,Buccaneers,1,Home
2002,Texans,1,Home
2002,Broncos,0,Home
2002,49ers,0,Home
2002,Lions,0,Home
2002,Cowboys,1,Home
2002,Vikings,0,Home
2002,Giants,0,Home
2002,Chiefs,1,Home
2002,Jaguars,0,Home
2002,Browns,0,Home
2002,Bengals,0,Home
2002,Bills,1,Home
2002,Packers,1,Home
2002,Chargers,1,Home
2002,Colts,1,Home
2002,Eagles,1,Home
2002,49ers,1,Home
2002,Saints,1,Home
2002,Raiders,1,Home
2002,Panthers,1,Home
2002,Commanders,0,Home
2002,Buccaneers,1,Home
2002,Steelers,0,Home
2002,Jaguars,0,Home
2002,Chiefs,1,Home
2002,Titans,1,Home
2002,Cowboys,0,Home
2002,Patriots,1,Home
2002,Cardinals,1,Home
2002,Seahawks,0,Home
2002,Ravens,0,Home
2002,Jets,1,Home
2002,Chargers,0,Home
2002,Packers,1,Home
2002,Dolphins,1,Home
2002,Saints,0,Home
2002,Texans,0,Home
2002,Steelers,1,Home
2002,Eagles,1,Home
2002,Dolphins,1,Home
2002,Falcons,0,Home
2002,Browns,0,Home
2002,Bengals,0,Home
2002,Bears,1,Home
2002,Bills,1,Home
2002,Lions,0,Home
2002,Broncos,1,Home
2002,Giants,1,Home
2002,49ers,0,Home
2002,Rams,1,Home
2002,Titans,1,Home
2002,Vikings,1,Home
2002,Cardinals,0,Home
2002,Cowboys,0,Home
2002,Commanders,1,Home
2002,Jaguars,0,Home
2002,Chiefs,1,Home
2002,Panthers,1,Home
2002,Packers,1,Home
2002,Bengals,1,Home
2002,Colts,0,Home
2002,Falcons,1,Home
2002,Seahawks,1,Home
2002,Raiders,1,Home
2002,Ravens,0,Home
2002,Patriots,0,Home
2002,Buccaneers,0,Home
2002,Giants,1,Home
2002,Raiders,1,Home
2002,Texans,0,Home
2002,Commanders,1,Home
2002,Steelers,1,Home
2002,Saints,0,Home
2002,Bills,1,Home
2002,Lions,0,Home
2002,Browns,1,Home
2002,Patriots,1,Home
2002,Colts,1,Home
2002,Jets,1,Home
2002,Broncos,1,Home
2002,Chargers,0,Home
2002,Bears,0,Home
2002,Rams,1,Home
2002,Jets,1,Home
2002,Packers,0,Home
2002,Steelers,1,Home
2002,49ers,1,Home
2002,Titans,1,Home
2002,Eagles,1,Home
2002,Buccaneers,1,Home
2002,Raiders,1,Home
2002,Eagles,0,Home
2002,Raiders,1,Home
2002,Buccaneers,1,Home
2003,Commanders,1,Home
2003,Bills,1,Home
2003,Bengals,0,Home
2003,Browns,0,Home
2003,Lions,1,Home
2003,Packers,0,Home
2003,Chiefs,1,Home
2003,Dolphins,0,Home
2003,Giants,1,Home
2003,Steelers,1,Home
2003,Panthers,1,Home
2003,49ers,1,Home
2003,Seahawks,1,Home
2003,Cowboys,0,Home
2003,Titans,1,Home
2003,Eagles,0,Home
2003,Jaguars,0,Home
2003,Jets,0,Home
2003,Saints,1,Home
2003,Rams,1,Home
2003,Ravens,1,Home
2003,Colts,1,Home
2003,Packers,1,Home
2003,Falcons,0,Home
2003,Chiefs,1,Home
2003,Cardinals,0,Home
2003,Buccaneers,0,Home
2003,Raiders,1,Home
2003,Eagles,0,Home
2003,Chargers,0,Home
2003,Vikings,1,Home
2003,Giants,0,Home
2003,Colts,1,Home
2003,Texans,0,Home
2003,Patriots,1,Home
2003,Titans,1,Home
2003,Lions,0,Home
2003,Bengals,0,Home
2003,Falcons,0,Home
2003,Cardinals,1,Home
2003,Seahawks,1,Home
2003,Commanders,0,Home
2003,Chargers,0,Home
2003,49ers,0,Home
2003,Dolphins,1,Home
2003,Broncos,1,Home
2003,Texans,1,Home
2003,Commanders,1,Home
2003,Steelers,0,Home
2003,Bills,0,Home
2003,Rams,1,Home
2003,Browns,0,Home
2003,Vikings,1,Home
2003,Ravens,0,Home
2003,Raiders,1,Home
2003,Jets,0,Home
2003,Panthers,1,Home
2003,Broncos,1,Home
2003,Saints,0,Home
2003,Bears,0,Home
2003,Falcons,0,Home
2003,Giants,0,Home
2003,Patriots,1,Home
2003,Chiefs,1,Home
2003,Panthers,1,Home
2003,Cowboys,1,Home
2003,Bears,1,Home
2003,Bills,1,Home
2003,Packers,1,Home
2003,Jaguars,1,Home
2003,Eagles,1,Home
2003,49ers,1,Home
2003,Steelers,0,Home
2003,Buccaneers,0,Home
2003,Patriots,1,Home
2003,Jaguars,0,Home
2003,Saints,1,Home
2003,Colts,0,Home
2003,Commanders,0,Home
2003,Packers,0,Home
2003,Cowboys,1,Home
2003,Browns,1,Home
2003,Titans,1,Home
2003,Broncos,1,Home
2003,Jets,1,Home
2003,Cardinals,0,Home
2003,Seahawks,1,Home
2003,Rams,1,Home
2003,Panthers,0,Home
2003,Giants,0,Home
2003,Vikings,1,Home
2003,Rams,1,Home
2003,Bengals,1,Home
2003,Browns,0,Home
2003,Falcons,0,Home
2003,Dolphins,0,Home
2003,Lions,0,Home
2003,Texans,0,Home
2003,Bills,1,Home
2003,49ers,1,Home
2003,Seahawks,1,Home
2003,Raiders,0,Home
2003,Jaguars,0,Home
2003,Buccaneers,1,Home
2003,Ravens,1,Home
2003,Steelers,0,Home
2003,Bengals,1,Home
2003,Patriots,1,Home
2003,Vikings,0,Home
2003,Saints,0,Home
2003,Bears,1,Home
2003,Cardinals,1,Home
2003,Colts,1,Home
2003,Eagles,1,Home
2003,Chiefs,1,Home
2003,Chargers,0,Home
2003,Texans,1,Home
2003,Ravens,1,Home
2003,Buccaneers,0,Home
2003,Bears,1,Home
2003,Dolphins,0,Home
2003,Lions,1,Home
2003,Jets,0,Home
2003,Seahawks,1,Home
2003,Cardinals,1,Home
2003,Cowboys,1,Home
2003,49ers,1,Home
2003,Falcons,0,Home
2003,Vikings,0,Home
2003,Broncos,0,Home
2003,Panthers,1,Home
2003,Jaguars,1,Home
2003,Commanders,1,Home
2003,Giants,0,Home
2003,Steelers,1,Home
2003,Titans,1,Home
2003,Lions,1,Home
2003,Bengals,1,Home
2003,Chiefs,1,Home
2003,Chargers,1,Home
2003,Cowboys,1,Home
2003,Raiders,0,Home
2003,Rams,1,Home
2003,Packers,0,Home
2003,Saints,1,Home
2003,Dolphins,1,Home
2003,Panthers,1,Home
2003,Titans,1,Home
2003,Eagles,1,Home
2003,Bengals,1,Home
2003,Bills,0,Home
2003,Browns,1,Home
2003,Bears,0,Home
2003,Broncos,1,Home
2003,Colts,1,Home
2003,Raiders,1,Home
2003,Seahawks,1,Home
2003,Buccaneers,0,Home
2003,Patriots,1,Home
2003,49ers,1,Home
2003,Texans,0,Home
2003,Ravens,1,Home
2003,Eagles,1,Home
2003,Jets,1,Home
2003,Browns,0,Home
2003,Packers,1,Home
2003,Cowboys,1,Home
2003,Vikings,1,Home
2003,Bills,0,Home
2003,Cardinals,0,Home
2003,Broncos,0,Home
2003,Chargers,0,Home
2003,Chiefs,1,Home
2003,Falcons,0,Home
2003,Dolphins,1,Home
2003,Buccaneers,1,Home
2003,Lions,1,Home
2003,Cowboys,0,Home
2003,Ravens,1,Home
2003,Texans,1,Home
2003,Panthers,0,Home
2003,Steelers,0,Home
2003,Rams,1,Home
2003,Colts,0,Home
2003,Bears,1,Home
2003,Giants,0,Home
2003,Commanders,0,Home
2003,Raiders,0,Home
2003,Chargers,0,Home
2003,Seahawks,1,Home
2003,Jaguars,1,Home
2003,Jets,1,Home
2003,Steelers,1,Home
2003,Eagles,1,Home
2003,Ravens,1,Home
2003,Jaguars,1,Home
2003,Giants,0,Home
2003,Saints,0,Home
2003,Vikings,1,Home
2003,Titans,0,Home
2003,Packers,1,Home
2003,Lions,0,Home
2003,49ers,1,Home
2003,Bills,1,Home
2003,Broncos,1,Home
2003,Patriots,1,Home
2003,Falcons,1,Home
2003,Browns,0,Home
2003,Buccaneers,1,Home
2003,Jets,1,Home
2003,Patriots,1,Home
2003,Rams,1,Home
2003,Bears,1,Home
2003,Colts,1,Home
2003,Titans,1,Home
2003,Bengals,1,Home
2003,Chiefs,1,Home
2003,Raiders,1,Home
2003,Broncos,1,Home
2003,Commanders,0,Home
2003,Cardinals,0,Home
2003,Chargers,0,Home
2003,Saints,1,Home
2003,Dolphins,0,Home
2003,Buccaneers,0,Home
2003,Vikings,1,Home
2003,Jets,0,Home
2003,Rams,1,Home
2003,Texans,0,Home
2003,Jaguars,1,Home
2003,Panthers,1,Home
2003,Cowboys,1,Home
2003,Browns,0,Home
2003,Bears,1,Home
2003,Bills,0,Home
2003,Steelers,1,Home
2003,Eagles,0,Home
2003,Seahawks,1,Home
2003,Colts,0,Home
2003,Raiders,0,Home
2003,Patriots,1,Home
2003,49ers,0,Home
2003,Commanders,0,Home
2003,Falcons,1,Home
2003,Bengals,0,Home
2003,Lions,1,Home
2003,Titans,1,Home
2003,Chiefs,1,Home
2003,Dolphins,1,Home
2003,Saints,1,Home
2003,Texans,0,Home
2003,Giants,0,Home
2003,Cardinals,1,Home
2003,Chargers,1,Home
2003,Packers,1,Home
2003,Ravens,1,Home
2003,Ravens,0,Home
2003,Panthers,1,Home
2003,Packers,1,Home
2003,Colts,1,Home
2003,Rams,0,Home
2003,Patriots,1,Home
2003,Chiefs,0,Home
2003,Eagles,1,Home
2003,Patriots,1,Home
2003,Eagles,0,Home
2003,Patriots,1,Home
2004,Patriots,1,Home
2004,Dolphins,0,Home
2004,Texans,0,Home
2004,Commanders,1,Home
2004,Jets,1,Home
2004,Saints,0,Home
2004,Steelers,1,Home
2004,Browns,1,Home
2004,Bears,0,Home
2004,Bills,0,Home
2004,Rams,1,Home
2004,Vikings,1,Home
2004,Eagles,1,Home
2004,49ers,0,Home
2004,Broncos,1,Home
2004,Panthers,0,Home
2004,Saints,1,Home
2004,Ravens,1,Home
2004,Giants,1,Home
2004,Chiefs,0,Home
2004,Jaguars,1,Home
2004,Packers,0,Home
2004,Lions,1,Home
2004,Falcons,1,Home
2004,Titans,0,Home
2004,Buccaneers,0,Home
2004,Cowboys,1,Home
2004,Raiders,1,Home
2004,Cardinals,0,Home
2004,Chargers,0,Home
2004,Bengals,1,Home
2004,Eagles,1,Home
2004,Falcons,1,Home
2004,Bengals,0,Home
2004,Lions,0,Home
2004,Titans,0,Home
2004,Chiefs,0,Home
2004,Rams,0,Home
2004,Vikings,1,Home
2004,Giants,1,Home
2004,Broncos,1,Home
2004,Seahawks,1,Home
2004,Colts,1,Home
2004,Raiders,1,Home
2004,Dolphins,0,Home
2004,Commanders,0,Home
2004,Jaguars,0,Home
2004,Steelers,1,Home
2004,Packers,0,Home
2004,Texans,1,Home
2004,Bears,0,Home
2004,Bills,0,Home
2004,Browns,1,Home
2004,Cardinals,1,Home
2004,Panthers,0,Home
2004,Dolphins,0,Home
2004,Chargers,1,Home
2004,Buccaneers,0,Home
2004,49ers,0,Home
2004,Ravens,0,Home
2004,Saints,0,Home
2004,Steelers,1,Home
2004,Patriots,1,Home
2004,Texans,0,Home
2004,Cowboys,0,Home
2004,Falcons,0,Home
2004,Colts,1,Home
2004,Jets,1,Home
2004,Chargers,1,Home
2004,Broncos,1,Home
2004,49ers,1,Home
2004,Seahawks,0,Home
2004,Commanders,0,Home
2004,Packers,0,Home
2004,Jaguars,1,Home
2004,Eagles,1,Home
2004,Jets,1,Home
2004,Patriots,1,Home
2004,Titans,0,Home
2004,Bills,1,Home
2004,Browns,1,Home
2004,Bears,0,Home
2004,Falcons,1,Home
2004,Lions,0,Home
2004,Raiders,0,Home
2004,Cowboys,0,Home
2004,Saints,0,Home
2004,Rams,1,Home
2004,Browns,0,Home
2004,Colts,0,Home
2004,Chiefs,1,Home
2004,Dolphins,1,Home
2004,Vikings,1,Home
2004,Giants,0,Home
2004,Buccaneers,1,Home
2004,Panthers,0,Home
2004,Ravens,1,Home
2004,Patriots,1,Home
2004,Cardinals,1,Home
2004,Raiders,0,Home
2004,Packers,1,Home
2004,Bengals,1,Home
2004,Bills,1,Home
2004,Cowboys,1,Home
2004,Titans,1,Home
2004,Chiefs,1,Home
2004,Vikings,0,Home
2004,Eagles,1,Home
2004,Commanders,0,Home
2004,Texans,1,Home
2004,Broncos,0,Home
2004,Seahawks,1,Home
2004,Chargers,1,Home
2004,Steelers,1,Home
2004,Bears,1,Home
2004,Jets,1,Home
2004,Buccaneers,1,Home
2004,Steelers,1,Home
2004,Dolphins,0,Home
2004,Panthers,0,Home
2004,Bengals,1,Home
2004,Bills,1,Home
2004,Lions,0,Home
2004,Giants,0,Home
2004,Chargers,1,Home
2004,49ers,0,Home
2004,Broncos,1,Home
2004,Rams,0,Home
2004,Ravens,1,Home
2004,Colts,1,Home
2004,Jets,0,Home
2004,Jaguars,1,Home
2004,Saints,1,Home
2004,Rams,1,Home
2004,Titans,0,Home
2004,Browns,0,Home
2004,Falcons,1,Home
2004,Colts,1,Home
2004,Commanders,0,Home
2004,Packers,1,Home
2004,Cardinals,1,Home
2004,49ers,0,Home
2004,Patriots,1,Home
2004,Cowboys,0,Home
2004,Panthers,1,Home
2004,Buccaneers,1,Home
2004,Saints,0,Home
2004,Vikings,1,Home
2004,Bills,1,Home
2004,Bengals,0,Home
2004,Bears,0,Home
2004,Jaguars,0,Home
2004,Browns,0,Home
2004,Ravens,1,Home
2004,Raiders,0,Home
2004,Seahawks,1,Home
2004,Eagles,1,Home
2004,Giants,0,Home
2004,Texans,0,Home
2004,Chiefs,0,Home
2004,Lions,0,Home
2004,Cowboys,1,Home
2004,Bengals,1,Home
2004,Chiefs,0,Home
2004,Vikings,1,Home
2004,Giants,0,Home
2004,Steelers,1,Home
2004,Panthers,1,Home
2004,Texans,1,Home
2004,Falcons,1,Home
2004,Patriots,1,Home
2004,Cardinals,0,Home
2004,49ers,0,Home
2004,Seahawks,0,Home
2004,Broncos,0,Home
2004,Packers,1,Home
2004,Ravens,0,Home
2004,Buccaneers,1,Home
2004,Jets,1,Home
2004,Saints,0,Home
2004,Dolphins,0,Home
2004,Colts,1,Home
2004,Lions,1,Home
2004,Browns,0,Home
2004,Bears,1,Home
2004,Rams,1,Home
2004,Raiders,0,Home
2004,Chargers,1,Home
2004,Eagles,1,Home
2004,Commanders,1,Home
2004,Jaguars,0,Home
2004,Seahawks,0,Home
2004,Falcons,1,Home
2004,Bills,1,Home
2004,Cowboys,0,Home
2004,Vikings,0,Home
2004,Patriots,1,Home
2004,Jaguars,1,Home
2004,Ravens,1,Home
2004,Texans,0,Home
2004,Steelers,1,Home
2004,Broncos,1,Home
2004,Chargers,1,Home
2004,Panthers,1,Home
2004,Packers,1,Home
2004,Cardinals,0,Home
2004,Commanders,0,Home
2004,Titans,0,Home
2004,Giants,0,Home
2004,49ers,0,Home
2004,Falcons,1,Home
2004,Bears,0,Home
2004,Bengals,0,Home
2004,Browns,0,Home
2004,Lions,0,Home
2004,Chiefs,1,Home
2004,Jets,1,Home
2004,Eagles,1,Home
2004,Buccaneers,0,Home
2004,Cardinals,1,Home
2004,Packers,0,Home
2004,Raiders,1,Home
2004,Colts,1,Home
2004,Dolphins,1,Home
2004,Vikings,0,Home
2004,Chiefs,1,Home
2004,Titans,0,Home
2004,Jaguars,0,Home
2004,Saints,1,Home
2004,Steelers,1,Home
2004,Lions,1,Home
2004,Bengals,1,Home
2004,Colts,1,Home
2004,Jets,0,Home
2004,49ers,0,Home
2004,Cowboys,1,Home
2004,Seahawks,1,Home
2004,Buccaneers,0,Home
2004,Dolphins,1,Home
2004,Rams,1,Home
2004,Texans,0,Home
2004,Ravens,1,Home
2004,Panthers,0,Home
2004,Commanders,1,Home
2004,Eagles,0,Home
2004,Titans,1,Home
2004,Rams,1,Home
2004,Bears,0,Home
2004,Bills,0,Home
2004,Patriots,1,Home
2004,Cardinals,1,Home
2004,Seahawks,1,Home
2004,Raiders,0,Home
2004,Broncos,1,Home
2004,Chargers,1,Home
2004,Giants,1,Home
2004,Seahawks,0,Home
2004,Chargers,0,Home
2004,Colts,1,Home
2004,Packers,0,Home
2004,Steelers,1,Home
2004,Falcons,1,Home
2004,Eagles,1,Home
2004,Patriots,1,Home
2004,Eagles,1,Home
2004,Steelers,0,Home
2004,Eagles,0,Home
2005,Patriots,1,Home
2005,Bills,1,Home
2005,Browns,0,Home
2005,Chiefs,1,Home
2005,Dolphins,1,Home
2005,Vikings,0,Home
2005,Steelers,1,Home
2005,Commanders,1,Home
2005,Panthers,0,Home
2005,Jaguars,1,Home
2005,49ers,1,Home
2005,Chargers,0,Home
2005,Lions,1,Home
2005,Giants,1,Home
2005,Ravens,0,Home
2005,Falcons,1,Home
2005,Texans,0,Home
2005,Buccaneers,1,Home
2005,Eagles,1,Home
2005,Panthers,1,Home
2005,Titans,1,Home
2005,Bengals,1,Home
2005,Bears,1,Home
2005,Colts,1,Home
2005,Cardinals,0,Home
2005,Seahawks,1,Home
2005,Broncos,1,Home
2005,Packers,0,Home
2005,Jets,1,Home
2005,Raiders,0,Home
2005,Saints,0,Home
2005,Cowboys,0,Home
2005,Jets,0,Home
2005,Vikings,1,Home
2005,Eagles,1,Home
2005,Dolphins,1,Home
2005,Bills,0,Home
2005,Colts,1,Home
2005,Packers,0,Home
2005,Bears,0,Home
2005,Rams,1,Home
2005,49ers,0,Home
2005,Seahawks,1,Home
2005,Steelers,0,Home
2005,Chargers,1,Home
2005,Broncos,1,Home
2005,Jaguars,0,Home
2005,Commanders,1,Home
2005,Buccaneers,1,Home
2005,Giants,1,Home
2005,Bengals,1,Home
2005,Patriots,0,Home
2005,Titans,0,Home
2005,Saints,1,Home
2005,Ravens,1,Home
2005,Chiefs,0,Home
2005,Raiders,1,Home
2005,Falcons,1,Home
2005,Cardinals,1,Home
2005,Panthers,1,Home
2005,Texans,0,Home
2005,Jets,1,Home
2005,Packers,1,Home
2005,Rams,0,Home
2005,Browns,1,Home
2005,Bills,1,Home
2005,Falcons,0,Home
2005,Lions,1,Home
2005,49ers,0,Home
2005,Cowboys,1,Home
2005,Broncos,1,Home
2005,Cardinals,0,Home
2005,Jaguars,1,Home
2005,Chargers,0,Home
2005,Ravens,1,Home
2005,Saints,0,Home
2005,Buccaneers,1,Home
2005,Chiefs,1,Home
2005,Steelers,0,Home
2005,Lions,0,Home
2005,Cowboys,1,Home
2005,Bears,1,Home
2005,Titans,0,Home
2005,Bills,1,Home
2005,Broncos,1,Home
2005,Raiders,0,Home
2005,Seahawks,1,Home
2005,Colts,1,Home
2005,Dolphins,0,Home
2005,Texans,0,Home
2005,Commanders,1,Home
2005,Eagles,1,Home
2005,Bengals,0,Home
2005,Rams,1,Home
2005,Browns,0,Home
2005,Vikings,1,Home
2005,Seahawks,1,Home
2005,Giants,1,Home
2005,Bears,1,Home
2005,Raiders,1,Home
2005,Cardinals,1,Home
2005,Falcons,1,Home
2005,Bengals,1,Home
2005,Cowboys,1,Home
2005,Lions,0,Home
2005,Titans,0,Home
2005,Rams,1,Home
2005,Giants,1,Home
2005,Panthers,1,Home
2005,Texans,1,Home
2005,Saints,0,Home
2005,Chargers,1,Home
2005,49ers,1,Home
2005,Broncos,1,Home
2005,Patriots,1,Home
2005,Steelers,1,Home
2005,Ravens,0,Home
2005,Browns,1,Home
2005,Chiefs,1,Home
2005,Dolphins,0,Home
2005,Vikings,1,Home
2005,Jets,0,Home
2005,Buccaneers,0,Home
2005,Jaguars,1,Home
2005,49ers,0,Home
2005,Cardinals,0,Home
2005,Saints,0,Home
2005,Packers,0,Home
2005,Commanders,1,Home
2005,Patriots,0,Home
2005,Bills,1,Home
2005,Bears,1,Home
2005,Lions,1,Home
2005,Colts,1,Home
2005,Dolphins,0,Home
2005,Giants,0,Home
2005,Jaguars,1,Home
2005,Panthers,1,Home
2005,Raiders,0,Home
2005,Falcons,0,Home
2005,Seahawks,1,Home
2005,Buccaneers,1,Home
2005,Steelers,1,Home
2005,Eagles,0,Home
2005,Ravens,1,Home
2005,Commanders,0,Home
2005,Giants,1,Home
2005,Patriots,1,Home
2005,Rams,0,Home
2005,Bears,1,Home
2005,Cowboys,1,Home
2005,Browns,1,Home
2005,Falcons,0,Home
2005,Titans,0,Home
2005,49ers,0,Home
2005,Bengals,0,Home
2005,Broncos,1,Home
2005,Chargers,1,Home
2005,Texans,0,Home
2005,Packers,0,Home
2005,Lions,0,Home
2005,Cowboys,0,Home
2005,Buccaneers,0,Home
2005,Commanders,0,Home
2005,Vikings,1,Home
2005,Texans,0,Home
2005,Titans,1,Home
2005,Bengals,1,Home
2005,Bills,0,Home
2005,Chiefs,1,Home
2005,Raiders,0,Home
2005,Cardinals,0,Home
2005,Eagles,1,Home
2005,Seahawks,1,Home
2005,Jets,0,Home
2005,Colts,1,Home
2005,Ravens,1,Home
2005,Panthers,1,Home
2005,Steelers,0,Home
2005,Giants,1,Home
2005,Saints,0,Home
2005,Bears,1,Home
2005,Colts,1,Home
2005,Lions,0,Home
2005,Browns,0,Home
2005,Dolphins,1,Home
2005,Rams,0,Home
2005,49ers,0,Home
2005,Patriots,1,Home
2005,Chiefs,1,Home
2005,Chargers,1,Home
2005,Eagles,0,Home
2005,Jaguars,0,Home
2005,Bills,0,Home
2005,Bengals,1,Home
2005,Titans,1,Home
2005,Vikings,1,Home
2005,Jets,1,Home
2005,Steelers,1,Home
2005,Panthers,0,Home
2005,Seahawks,1,Home
2005,Cardinals,0,Home
2005,Eagles,0,Home
2005,Cowboys,1,Home
2005,Broncos,1,Home
2005,Chargers,0,Home
2005,Packers,1,Home
2005,Falcons,1,Home
2005,Patriots,1,Home
2005,Giants,1,Home
2005,Bills,0,Home
2005,Saints,0,Home
2005,Jaguars,1,Home
2005,Vikings,0,Home
2005,Texans,1,Home
2005,Rams,0,Home
2005,Colts,0,Home
2005,Titans,0,Home
2005,Dolphins,1,Home
2005,Lions,0,Home
2005,Raiders,0,Home
2005,Commanders,1,Home
2005,Bears,1,Home
2005,Ravens,1,Home
2005,Texans,0,Home
2005,Panthers,0,Home
2005,Commanders,1,Home
2005,Buccaneers,1,Home
2005,Saints,0,Home
2005,Chiefs,1,Home
2005,Rams,0,Home
2005,Browns,0,Home
2005,Bengals,0,Home
2005,Dolphins,1,Home
2005,Cardinals,1,Home
2005,Seahawks,1,Home
2005,Broncos,1,Home
2005,Packers,0,Home
2005,Ravens,1,Home
2005,Jets,0,Home
2005,Chargers,0,Home
2005,Raiders,0,Home
2005,Steelers,1,Home
2005,Jets,1,Home
2005,Patriots,0,Home
2005,Chiefs,1,Home
2005,Buccaneers,1,Home
2005,Packers,1,Home
2005,Browns,1,Home
2005,Falcons,0,Home
2005,Colts,1,Home
2005,49ers,1,Home
2005,Jaguars,1,Home
2005,Vikings,1,Home
2005,Eagles,0,Home
2005,Cowboys,0,Home
2005,Buccaneers,0,Home
2005,Patriots,1,Home
2005,Giants,0,Home
2005,Bengals,0,Home
2005,Seahawks,1,Home
2005,Broncos,1,Home
2005,Colts,0,Home
2005,Bears,0,Home
2005,Broncos,0,Home
2005,Seahawks,1,Home
2005,Steelers,1,Home
2006,Steelers,1,Home
2006,Texans,0,Home
2006,Panthers,0,Home
2006,Patriots,1,Home
2006,Rams,1,Home
2006,Buccaneers,0,Home
2006,Titans,0,Home
2006,Lions,0,Home
2006,Browns,0,Home
2006,Chiefs,0,Home
2006,Packers,0,Home
2006,Cardinals,1,Home
2006,Jaguars,1,Home
2006,Giants,0,Home
2006,Commanders,0,Home
2006,Raiders,0,Home
2006,Vikings,1,Home
2006,Ravens,1,Home
2006,Eagles,0,Home
2006,Dolphins,0,Home
2006,Packers,0,Home
2006,Bengals,1,Home
2006,Bears,1,Home
2006,Falcons,1,Home
2006,Colts,1,Home
2006,49ers,1,Home
2006,Seahawks,1,Home
2006,Broncos,1,Home
2006,Jets,0,Home
2006,Chargers,1,Home
2006,Cowboys,1,Home
2006,Jaguars,1,Home
2006,Buccaneers,0,Home
2006,Steelers,0,Home
2006,Vikings,0,Home
2006,Bills,0,Home
2006,Colts,1,Home
2006,Lions,0,Home
2006,Texans,0,Home
2006,Dolphins,1,Home
2006,Browns,0,Home
2006,49ers,0,Home
2006,Cardinals,0,Home
2006,Seahawks,1,Home
2006,Patriots,0,Home
2006,Saints,1,Home
2006,Ravens,1,Home
2006,Panthers,1,Home
2006,Jets,0,Home
2006,Texans,1,Home
2006,Titans,0,Home
2006,Bills,1,Home
2006,Falcons,1,Home
2006,Chiefs,1,Home
2006,Rams,1,Home
2006,Bengals,0,Home
2006,Raiders,0,Home
2006,Commanders,1,Home
2006,Bears,1,Home
2006,Eagles,1,Home
2006,Saints,1,Home
2006,Giants,1,Home
2006,Patriots,1,Home
2006,Panthers,1,Home
2006,Colts,1,Home
2006,Packers,0,Home
2006,Bears,1,Home
2006,Vikings,1,Home
2006,Cardinals,0,Home
2006,49ers,1,Home
2006,Jaguars,1,Home
2006,Eagles,1,Home
2006,Chargers,1,Home
2006,Broncos,1,Home
2006,Ravens,0,Home
2006,Commanders,0,Home
2006,Buccaneers,1,Home
2006,Saints,1,Home
2006,Rams,0,Home
2006,Cowboys,1,Home
2006,Falcons,0,Home
2006,Lions,1,Home
2006,Jets,1,Home
2006,Steelers,1,Home
2006,49ers,0,Home
2006,Broncos,1,Home
2006,Cardinals,0,Home
2006,Jets,1,Home
2006,Texans,1,Home
2006,Buccaneers,1,Home
2006,Dolphins,0,Home
2006,Bills,0,Home
2006,Bengals,1,Home
2006,Chiefs,1,Home
2006,Falcons,1,Home
2006,Browns,0,Home
2006,Colts,1,Home
2006,Raiders,1,Home
2006,Seahawks,0,Home
2006,Cowboys,0,Home
2006,Eagles,0,Home
2006,Giants,1,Home
2006,Saints,0,Home
2006,Chiefs,1,Home
2006,Bears,1,Home
2006,Packers,1,Home
2006,Bengals,0,Home
2006,Titans,1,Home
2006,Chargers,1,Home
2006,Broncos,0,Home
2006,Raiders,1,Home
2006,Browns,1,Home
2006,Panthers,0,Home
2006,Vikings,0,Home
2006,Jaguars,1,Home
2006,Ravens,1,Home
2006,Commanders,1,Home
2006,Giants,1,Home
2006,Buccaneers,0,Home
2006,Lions,1,Home
2006,Bears,0,Home
2006,Bills,1,Home
2006,Rams,0,Home
2006,49ers,1,Home
2006,Steelers,0,Home
2006,Chargers,1,Home
2006,Patriots,0,Home
2006,Seahawks,1,Home
2006,Patriots,0,Home
2006,Vikings,0,Home
2006,Eagles,1,Home
2006,Dolphins,1,Home
2006,Jaguars,0,Home
2006,Titans,0,Home
2006,Falcons,0,Home
2006,Colts,1,Home
2006,Lions,0,Home
2006,Bengals,0,Home
2006,Raiders,0,Home
2006,Cardinals,0,Home
2006,Steelers,1,Home
2006,Seahawks,1,Home
2006,Giants,0,Home
2006,Panthers,1,Home
2006,Panthers,1,Home
2006,Buccaneers,1,Home
2006,Eagles,0,Home
2006,Jets,0,Home
2006,Packers,0,Home
2006,Dolphins,1,Home
2006,Chiefs,1,Home
2006,Ravens,1,Home
2006,Browns,0,Home
2006,Saints,0,Home
2006,Texans,0,Home
2006,49ers,1,Home
2006,Cardinals,1,Home
2006,Cowboys,1,Home
2006,Broncos,0,Home
2006,Jaguars,1,Home
2006,Lions,0,Home
2006,Cowboys,1,Home
2006,Chiefs,1,Home
2006,Ravens,1,Home
2006,Commanders,1,Home
2006,Vikings,1,Home
2006,Jets,1,Home
2006,Browns,0,Home
2006,Bills,1,Home
2006,Falcons,0,Home
2006,Rams,1,Home
2006,Chargers,1,Home
2006,Titans,1,Home
2006,Patriots,1,Home
2006,Colts,1,Home
2006,Seahawks,1,Home
2006,Bengals,1,Home
2006,Commanders,0,Home
2006,Saints,1,Home
2006,Patriots,1,Home
2006,Rams,0,Home
2006,Titans,1,Home
2006,Browns,1,Home
2006,Bears,1,Home
2006,Bills,0,Home
2006,Packers,0,Home
2006,Giants,0,Home
2006,Raiders,0,Home
2006,Dolphins,0,Home
2006,Steelers,1,Home
2006,Broncos,0,Home
2006,Eagles,1,Home
2006,Steelers,1,Home
2006,Bengals,1,Home
2006,Lions,0,Home
2006,Chiefs,0,Home
2006,Dolphins,1,Home
2006,Buccaneers,0,Home
2006,Commanders,0,Home
2006,Panthers,0,Home
2006,Jaguars,1,Home
2006,Texans,0,Home
2006,Cardinals,1,Home
2006,49ers,0,Home
2006,Chargers,1,Home
2006,Jets,0,Home
2006,Cowboys,0,Home
2006,Rams,0,Home
2006,Seahawks,0,Home
2006,Falcons,0,Home
2006,Panthers,0,Home
2006,Ravens,1,Home
2006,Saints,0,Home
2006,Vikings,0,Home
2006,Patriots,1,Home
2006,Packers,1,Home
2006,Bears,1,Home
2006,Bills,1,Home
2006,Titans,1,Home
2006,Cardinals,0,Home
2006,Raiders,0,Home
2006,Giants,0,Home
2006,Chargers,1,Home
2006,Colts,1,Home
2006,Packers,1,Home
2006,Raiders,0,Home
2006,Jaguars,0,Home
2006,Steelers,0,Home
2006,Texans,1,Home
2006,Giants,0,Home
2006,Rams,1,Home
2006,Lions,0,Home
2006,Browns,0,Home
2006,Bills,0,Home
2006,Falcons,0,Home
2006,49ers,0,Home
2006,Broncos,1,Home
2006,Seahawks,0,Home
2006,Cowboys,0,Home
2006,Dolphins,0,Home
2006,Commanders,0,Home
2006,Texans,1,Home
2006,Buccaneers,0,Home
2006,Jets,1,Home
2006,Saints,0,Home
2006,Bengals,0,Home
2006,Chiefs,1,Home
2006,Titans,0,Home
2006,Cowboys,0,Home
2006,Vikings,0,Home
2006,Ravens,1,Home
2006,Chargers,1,Home
2006,Colts,1,Home
2006,Broncos,0,Home
2006,Eagles,1,Home
2006,Bears,0,Home
2006,Colts,1,Home
2006,Seahawks,1,Home
2006,Patriots,1,Home
2006,Eagles,1,Home
2006,Ravens,0,Home
2006,Saints,1,Home
2006,Bears,1,Home
2006,Chargers,0,Home
2006,Bears,1,Home
2006,Colts,1,Home
2006,Bears,0,Home
2007,Colts,1,Home
2007,Commanders,1,Home
2007,Jets,0,Home
2007,Jaguars,0,Home
2007,Vikings,1,Home
2007,Texans,1,Home
2007,Packers,1,Home
2007,Browns,0,Home
2007,Bills,0,Home
2007,Rams,0,Home
2007,Raiders,0,Home
2007,Chargers,1,Home
2007,Seahawks,1,Home
2007,Cowboys,1,Home
2007,Bengals,1,Home
2007,49ers,1,Home
2007,Jaguars,1,Home
2007,Panthers,0,Home
2007,Buccaneers,1,Home
2007,Steelers,1,Home
2007,Titans,0,Home
2007,Rams,0,Home
2007,Browns,1,Home
2007,Giants,0,Home
2007,Lions,1,Home
2007,Dolphins,0,Home
2007,Cardinals,1,Home
2007,Broncos,1,Home
2007,Bears,1,Home
2007,Ravens,1,Home
2007,Patriots,1,Home
2007,Eagles,0,Home
2007,Packers,1,Home
2007,Chiefs,1,Home
2007,Patriots,1,Home
2007,Jets,1,Home
2007,Eagles,1,Home
2007,Steelers,1,Home
2007,Buccaneers,1,Home
2007,Ravens,1,Home
2007,Texans,0,Home
2007,Seahawks,1,Home
2007,Raiders,1,Home
2007,Broncos,0,Home
2007,Falcons,0,Home
2007,Commanders,0,Home
2007,Bears,0,Home
2007,Saints,0,Home
2007,Falcons,1,Home
2007,Bills,1,Home
2007,Browns,1,Home
2007,Cowboys,1,Home
2007,Lions,1,Home
2007,Dolphins,0,Home
2007,Vikings,0,Home
2007,Panthers,0,Home
2007,49ers,0,Home
2007,Colts,1,Home
2007,Cardinals,1,Home
2007,Chargers,0,Home
2007,Giants,1,Home
2007,Bengals,0,Home
2007,Giants,1,Home
2007,Texans,1,Home
2007,Commanders,1,Home
2007,Steelers,1,Home
2007,Saints,0,Home
2007,Patriots,1,Home
2007,Rams,0,Home
2007,Chiefs,0,Home
2007,Titans,1,Home
2007,Colts,1,Home
2007,Broncos,0,Home
2007,49ers,0,Home
2007,Packers,0,Home
2007,Bills,0,Home
2007,Jaguars,1,Home
2007,Browns,1,Home
2007,Ravens,1,Home
2007,Buccaneers,1,Home
2007,Bears,0,Home
2007,Chiefs,1,Home
2007,Packers,1,Home
2007,Jets,0,Home
2007,Cardinals,0,Home
2007,Cowboys,0,Home
2007,Chargers,1,Home
2007,Seahawks,0,Home
2007,Falcons,0,Home
2007,Texans,0,Home
2007,Commanders,1,Home
2007,Giants,1,Home
2007,Bills,1,Home
2007,Dolphins,0,Home
2007,Lions,1,Home
2007,Saints,1,Home
2007,Raiders,0,Home
2007,Bengals,1,Home
2007,Eagles,0,Home
2007,Seahawks,1,Home
2007,Cowboys,1,Home
2007,Broncos,1,Home
2007,Jaguars,0,Home
2007,Bears,0,Home
2007,Bengals,0,Home
2007,Titans,1,Home
2007,Rams,0,Home
2007,Dolphins,0,Home
2007,Vikings,0,Home
2007,Panthers,0,Home
2007,Buccaneers,0,Home
2007,Chargers,1,Home
2007,Jets,0,Home
2007,Patriots,1,Home
2007,49ers,0,Home
2007,Broncos,0,Home
2007,Buccaneers,1,Home
2007,Saints,1,Home
2007,Vikings,1,Home
2007,Chiefs,0,Home
2007,Jets,0,Home
2007,Lions,1,Home
2007,Bills,1,Home
2007,Falcons,1,Home
2007,Titans,1,Home
2007,Browns,1,Home
2007,Colts,0,Home
2007,Raiders,0,Home
2007,Eagles,0,Home
2007,Steelers,1,Home
2007,Panthers,0,Home
2007,Commanders,0,Home
2007,Steelers,1,Home
2007,Saints,0,Home
2007,Chiefs,0,Home
2007,Titans,0,Home
2007,Packers,1,Home
2007,Dolphins,0,Home
2007,Ravens,0,Home
2007,Raiders,0,Home
2007,Giants,0,Home
2007,Cardinals,1,Home
2007,Chargers,1,Home
2007,Seahawks,1,Home
2007,Jaguars,1,Home
2007,Eagles,1,Home
2007,Texans,1,Home
2007,Ravens,0,Home
2007,Vikings,1,Home
2007,Lions,0,Home
2007,Packers,1,Home
2007,Colts,1,Home
2007,Bengals,0,Home
2007,Falcons,0,Home
2007,Jets,1,Home
2007,Cowboys,1,Home
2007,49ers,0,Home
2007,Seahawks,1,Home
2007,Bills,0,Home
2007,Broncos,1,Home
2007,Lions,0,Home
2007,Cowboys,1,Home
2007,Falcons,0,Home
2007,Bengals,1,Home
2007,Browns,1,Home
2007,Chiefs,0,Home
2007,Rams,0,Home
2007,Giants,0,Home
2007,Buccaneers,1,Home
2007,Panthers,0,Home
2007,Jaguars,1,Home
2007,Cardinals,0,Home
2007,Chargers,1,Home
2007,Bears,1,Home
2007,Patriots,1,Home
2007,Steelers,1,Home
2007,Cowboys,1,Home
2007,Commanders,0,Home
2007,Panthers,1,Home
2007,Vikings,1,Home
2007,Dolphins,0,Home
2007,Eagles,0,Home
2007,Chiefs,0,Home
2007,Colts,1,Home
2007,Titans,1,Home
2007,Rams,1,Home
2007,Raiders,1,Home
2007,Cardinals,1,Home
2007,Bears,0,Home
2007,Saints,0,Home
2007,Steelers,1,Home
2007,Ravens,0,Home
2007,Commanders,1,Home
2007,Jaguars,1,Home
2007,Eagles,0,Home
2007,Texans,1,Home
2007,Titans,0,Home
2007,Bengals,1,Home
2007,Lions,0,Home
2007,Packers,1,Home
2007,Bills,1,Home
2007,49ers,0,Home
2007,Seahawks,1,Home
2007,Broncos,1,Home
2007,Patriots,1,Home
2007,Jets,0,Home
2007,Ravens,0,Home
2007,Falcons,0,Home
2007,Texans,1,Home
2007,49ers,1,Home
2007,Buccaneers,1,Home
2007,Steelers,0,Home
2007,Saints,1,Home
2007,Patriots,1,Home
2007,Panthers,1,Home
2007,Rams,0,Home
2007,Chiefs,0,Home
2007,Browns,1,Home
2007,Dolphins,1,Home
2007,Raiders,0,Home
2007,Cowboys,0,Home
2007,Chargers,1,Home
2007,Giants,0,Home
2007,Vikings,1,Home
2007,Rams,0,Home
2007,Panthers,0,Home
2007,Jaguars,1,Home
2007,Saints,0,Home
2007,Colts,1,Home
2007,Bills,0,Home
2007,Bengals,1,Home
2007,Bears,1,Home
2007,Lions,1,Home
2007,Cardinals,1,Home
2007,49ers,1,Home
2007,Seahawks,1,Home
2007,Titans,1,Home
2007,Patriots,1,Home
2007,Vikings,0,Home
2007,Chargers,1,Home
2007,Giants,0,Home
2007,Falcons,1,Home
2007,Bears,1,Home
2007,Browns,1,Home
2007,Packers,1,Home
2007,Dolphins,0,Home
2007,Eagles,1,Home
2007,Buccaneers,0,Home
2007,Texans,1,Home
2007,Ravens,1,Home
2007,Commanders,1,Home
2007,Cardinals,1,Home
2007,Jets,1,Home
2007,Raiders,0,Home
2007,Broncos,1,Home
2007,Colts,0,Home
2007,Seahawks,1,Home
2007,Steelers,0,Home
2007,Buccaneers,0,Home
2007,Chargers,1,Home
2007,Packers,1,Home
2007,Patriots,1,Home
2007,Colts,0,Home
2007,Cowboys,0,Home
2007,Patriots,1,Home
2007,Packers,0,Home
2007,Patriots,0,Home
2008,Giants,1,Home
2008,Ravens,1,Home
2008,Eagles,1,Home
2008,Saints,1,Home
2008,Patriots,1,Home
2008,Steelers,1,Home
2008,Titans,1,Home
2008,Bills,1,Home
2008,Falcons,1,Home
2008,Dolphins,0,Home
2008,Browns,0,Home
2008,Chargers,0,Home
2008,49ers,0,Home
2008,Colts,0,Home
2008,Packers,1,Home
2008,Raiders,0,Home
2008,Commanders,1,Home
2008,Jaguars,0,Home
2008,Panthers,1,Home
2008,Vikings,0,Home
2008,Lions,0,Home
2008,Chiefs,0,Home
2008,Rams,0,Home
2008,Bengals,0,Home
2008,Seahawks,0,Home
2008,Buccaneers,1,Home
2008,Broncos,1,Home
2008,Jets,0,Home
2008,Cardinals,1,Home
2008,Browns,0,Home
2008,Cowboys,1,Home
2008,Falcons,1,Home
2008,Bills,1,Home
2008,Bears,0,Home
2008,Titans,1,Home
2008,Vikings,1,Home
2008,Patriots,0,Home
2008,Giants,1,Home
2008,Commanders,1,Home
2008,49ers,1,Home
2008,Seahawks,1,Home
2008,Broncos,1,Home
2008,Colts,0,Home
2008,Eagles,1,Home
2008,Ravens,1,Home
2008,Packers,0,Home
2008,Chargers,1,Home
2008,Jets,1,Home
2008,Jaguars,1,Home
2008,Panthers,1,Home
2008,Buccaneers,1,Home
2008,Saints,1,Home
2008,Chiefs,1,Home
2008,Titans,1,Home
2008,Bengals,0,Home
2008,Raiders,0,Home
2008,Rams,0,Home
2008,Cowboys,0,Home
2008,Bears,1,Home
2008,Steelers,1,Home
2008,Panthers,1,Home
2008,Ravens,0,Home
2008,Eagles,0,Home
2008,Texans,0,Home
2008,Dolphins,1,Home
2008,Packers,0,Home
2008,Lions,0,Home
2008,Giants,1,Home
2008,Broncos,1,Home
2008,Cowboys,1,Home
2008,Cardinals,1,Home
2008,49ers,0,Home
2008,Jaguars,0,Home
2008,Saints,0,Home
2008,Falcons,1,Home
2008,Colts,1,Home
2008,Vikings,1,Home
2008,Saints,1,Home
2008,Jets,1,Home
2008,Buccaneers,1,Home
2008,Commanders,0,Home
2008,Texans,1,Home
2008,Broncos,0,Home
2008,Seahawks,0,Home
2008,49ers,0,Home
2008,Cardinals,1,Home
2008,Chargers,1,Home
2008,Browns,1,Home
2008,Giants,1,Home
2008,Dolphins,0,Home
2008,Rams,1,Home
2008,Panthers,1,Home
2008,Bengals,0,Home
2008,Bears,1,Home
2008,Bills,1,Home
2008,Chiefs,0,Home
2008,Texans,1,Home
2008,Packers,1,Home
2008,Raiders,1,Home
2008,Commanders,1,Home
2008,Buccaneers,1,Home
2008,Patriots,1,Home
2008,Jets,1,Home
2008,Ravens,1,Home
2008,Eagles,1,Home
2008,Saints,1,Home
2008,Panthers,1,Home
2008,Dolphins,1,Home
2008,Lions,0,Home
2008,Patriots,1,Home
2008,Cowboys,1,Home
2008,Jaguars,0,Home
2008,Texans,1,Home
2008,Steelers,0,Home
2008,49ers,0,Home
2008,Titans,1,Home
2008,Vikings,1,Home
2008,Rams,0,Home
2008,Chiefs,0,Home
2008,Titans,1,Home
2008,Bengals,1,Home
2008,Bears,1,Home
2008,Bills,0,Home
2008,Browns,0,Home
2008,Broncos,0,Home
2008,Raiders,0,Home
2008,Giants,1,Home
2008,Seahawks,0,Home
2008,Colts,1,Home
2008,Commanders,0,Home
2008,Browns,0,Home
2008,Patriots,1,Home
2008,Texans,0,Home
2008,Jets,1,Home
2008,Vikings,1,Home
2008,Falcons,1,Home
2008,Lions,0,Home
2008,Bears,0,Home
2008,Dolphins,1,Home
2008,Raiders,0,Home
2008,Steelers,0,Home
2008,Chargers,1,Home
2008,Eagles,0,Home
2008,Cardinals,1,Home
2008,Patriots,0,Home
2008,Panthers,1,Home
2008,Buccaneers,1,Home
2008,Giants,1,Home
2008,Dolphins,1,Home
2008,Falcons,0,Home
2008,Colts,1,Home
2008,Packers,1,Home
2008,Bengals,0,Home
2008,Chiefs,0,Home
2008,49ers,1,Home
2008,Seahawks,0,Home
2008,Jaguars,0,Home
2008,Steelers,1,Home
2008,Commanders,0,Home
2008,Bills,0,Home
2008,Steelers,1,Home
2008,Jaguars,0,Home
2008,Dolphins,0,Home
2008,Rams,0,Home
2008,Chiefs,0,Home
2008,Ravens,1,Home
2008,Lions,0,Home
2008,Cowboys,1,Home
2008,Browns,0,Home
2008,Titans,0,Home
2008,Broncos,0,Home
2008,Falcons,1,Home
2008,Cardinals,0,Home
2008,Seahawks,0,Home
2008,Chargers,0,Home
2008,Saints,1,Home
2008,Lions,0,Home
2008,Cowboys,1,Home
2008,Eagles,1,Home
2008,Buccaneers,1,Home
2008,Commanders,0,Home
2008,Rams,0,Home
2008,Bengals,0,Home
2008,Browns,0,Home
2008,Bills,0,Home
2008,Packers,0,Home
2008,Chargers,0,Home
2008,Raiders,0,Home
2008,Patriots,0,Home
2008,Jets,0,Home
2008,Vikings,1,Home
2008,Texans,1,Home
2008,Chargers,1,Home
2008,Giants,0,Home
2008,Saints,1,Home
2008,Colts,1,Home
2008,Bears,1,Home
2008,Packers,0,Home
2008,Lions,0,Home
2008,Titans,1,Home
2008,Bills,0,Home
2008,Broncos,1,Home
2008,49ers,1,Home
2008,Seahawks,0,Home
2008,Steelers,1,Home
2008,Cardinals,1,Home
2008,Ravens,1,Home
2008,Panthers,1,Home
2008,Bears,1,Home
2008,Jaguars,1,Home
2008,Jets,1,Home
2008,Dolphins,1,Home
2008,Rams,0,Home
2008,Texans,1,Home
2008,Colts,1,Home
2008,Bengals,1,Home
2008,Falcons,1,Home
2008,Chiefs,0,Home
2008,Cardinals,0,Home
2008,Raiders,0,Home
2008,Panthers,1,Home
2008,Ravens,0,Home
2008,Cowboys,1,Home
2008,Eagles,1,Home
2008,Jaguars,0,Home
2008,Cowboys,0,Home
2008,Patriots,1,Home
2008,Buccaneers,0,Home
2008,Rams,0,Home
2008,Lions,0,Home
2008,Titans,1,Home
2008,Chiefs,0,Home
2008,Browns,0,Home
2008,Broncos,0,Home
2008,Raiders,1,Home
2008,Seahawks,1,Home
2008,Vikings,0,Home
2008,Commanders,1,Home
2008,Giants,1,Home
2008,Bears,1,Home
2008,Falcons,1,Home
2008,Bills,0,Home
2008,Bengals,1,Home
2008,Packers,1,Home
2008,Colts,1,Home
2008,Vikings,1,Home
2008,Saints,0,Home
2008,Steelers,1,Home
2008,Buccaneers,0,Home
2008,Texans,1,Home
2008,Ravens,1,Home
2008,49ers,1,Home
2008,Eagles,1,Home
2008,Cardinals,1,Home
2008,Jets,0,Home
2008,Chargers,1,Home
2008,Cardinals,1,Home
2008,Chargers,1,Home
2008,Dolphins,0,Home
2008,Vikings,0,Home
2008,Titans,0,Home
2008,Panthers,0,Home
2008,Giants,0,Home
2008,Steelers,1,Home
2008,Cardinals,1,Home
2008,Steelers,1,Home
2008,Cardinals,0,Home
2009,Steelers,1,Home
2009,Texans,0,Home
2009,Ravens,1,Home
2009,Buccaneers,0,Home
2009,Saints,1,Home
2009,Panthers,0,Home
2009,Browns,0,Home
2009,Bengals,0,Home
2009,Falcons,1,Home
2009,Colts,1,Home
2009,Giants,1,Home
2009,Cardinals,0,Home
2009,Seahawks,1,Home
2009,Packers,1,Home
2009,Patriots,1,Home
2009,Raiders,0,Home
2009,Jaguars,0,Home
2009,Commanders,1,Home
2009,Eagles,0,Home
2009,Jets,1,Home
2009,Lions,0,Home
2009,Titans,0,Home
2009,Packers,0,Home
2009,Falcons,1,Home
2009,Chiefs,0,Home
2009,Bills,1,Home
2009,49ers,1,Home
2009,Broncos,1,Home
2009,Bears,1,Home
2009,Chargers,0,Home
2009,Cowboys,0,Home
2009,Dolphins,0,Home
2009,Ravens,1,Home
2009,Buccaneers,0,Home
2009,Eagles,1,Home
2009,Jets,1,Home
2009,Texans,0,Home
2009,Vikings,1,Home
2009,Rams,0,Home
2009,Lions,1,Home
2009,Patriots,1,Home
2009,Bills,0,Home
2009,Seahawks,0,Home
2009,Bengals,1,Home
2009,Raiders,0,Home
2009,Chargers,1,Home
2009,Cardinals,0,Home
2009,Cowboys,1,Home
2009,Jaguars,1,Home
2009,Texans,1,Home
2009,Commanders,1,Home
2009,Patriots,1,Home
2009,Colts,1,Home
2009,Browns,0,Home
2009,Bears,1,Home
2009,Chiefs,0,Home
2009,Dolphins,1,Home
2009,Saints,1,Home
2009,Broncos,1,Home
2009,49ers,1,Home
2009,Steelers,1,Home
2009,Vikings,1,Home
2009,Ravens,0,Home
2009,Panthers,1,Home
2009,Eagles,1,Home
2009,Giants,1,Home
2009,Lions,0,Home
2009,Chiefs,0,Home
2009,Bills,0,Home
2009,Rams,0,Home
2009,49ers,0,Home
2009,Cardinals,1,Home
2009,Seahawks,1,Home
2009,Broncos,1,Home
2009,Titans,0,Home
2009,Dolphins,1,Home
2009,Bengals,0,Home
2009,Packers,1,Home
2009,Vikings,1,Home
2009,Saints,1,Home
2009,Steelers,1,Home
2009,Buccaneers,0,Home
2009,Commanders,0,Home
2009,Jaguars,1,Home
2009,Seahawks,0,Home
2009,Raiders,1,Home
2009,Patriots,1,Home
2009,Jets,0,Home
2009,Falcons,1,Home
2009,Chargers,0,Home
2009,Buccaneers,0,Home
2009,Browns,0,Home
2009,Chiefs,0,Home
2009,Rams,0,Home
2009,Steelers,1,Home
2009,Texans,1,Home
2009,Panthers,0,Home
2009,Raiders,0,Home
2009,Bengals,1,Home
2009,Cowboys,1,Home
2009,Dolphins,0,Home
2009,Giants,0,Home
2009,Commanders,0,Home
2009,Colts,1,Home
2009,Ravens,1,Home
2009,Eagles,1,Home
2009,Jets,0,Home
2009,Lions,0,Home
2009,Cowboys,1,Home
2009,Bears,1,Home
2009,Bills,0,Home
2009,Titans,1,Home
2009,Chargers,1,Home
2009,Packers,0,Home
2009,Cardinals,0,Home
2009,Saints,1,Home
2009,Buccaneers,1,Home
2009,Jaguars,1,Home
2009,Patriots,1,Home
2009,Colts,1,Home
2009,Bengals,1,Home
2009,Bears,0,Home
2009,Falcons,1,Home
2009,Saints,1,Home
2009,Seahawks,1,Home
2009,Giants,0,Home
2009,49ers,0,Home
2009,Eagles,0,Home
2009,Broncos,0,Home
2009,49ers,1,Home
2009,Titans,1,Home
2009,Rams,0,Home
2009,Dolphins,1,Home
2009,Vikings,1,Home
2009,Jets,0,Home
2009,Steelers,0,Home
2009,Commanders,1,Home
2009,Panthers,1,Home
2009,Raiders,0,Home
2009,Cardinals,1,Home
2009,Chargers,1,Home
2009,Packers,1,Home
2009,Colts,1,Home
2009,Browns,0,Home
2009,Panthers,0,Home
2009,Buccaneers,0,Home
2009,Ravens,0,Home
2009,Jaguars,1,Home
2009,Vikings,1,Home
2009,Giants,1,Home
2009,Packers,1,Home
2009,Lions,1,Home
2009,Cowboys,1,Home
2009,Chiefs,1,Home
2009,Rams,0,Home
2009,Broncos,0,Home
2009,Raiders,1,Home
2009,Patriots,1,Home
2009,Bears,0,Home
2009,Texans,0,Home
2009,Lions,0,Home
2009,Cowboys,1,Home
2009,Broncos,1,Home
2009,Texans,0,Home
2009,Jets,1,Home
2009,Rams,0,Home
2009,Eagles,1,Home
2009,Bills,1,Home
2009,Bengals,1,Home
2009,Falcons,1,Home
2009,Chargers,1,Home
2009,49ers,1,Home
2009,Titans,1,Home
2009,Vikings,1,Home
2009,Ravens,1,Home
2009,Saints,1,Home
2009,Bills,0,Home
2009,Panthers,1,Home
2009,Commanders,0,Home
2009,Steelers,0,Home
2009,Dolphins,1,Home
2009,Falcons,0,Home
2009,Colts,1,Home
2009,Bengals,1,Home
2009,Bears,1,Home
2009,Jaguars,1,Home
2009,Chiefs,0,Home
2009,Browns,0,Home
2009,Seahawks,1,Home
2009,Giants,1,Home
2009,Cardinals,1,Home
2009,Packers,1,Home
2009,Browns,1,Home
2009,Jaguars,0,Home
2009,Texans,1,Home
2009,Ravens,1,Home
2009,Patriots,1,Home
2009,Buccaneers,0,Home
2009,Chiefs,0,Home
2009,Colts,1,Home
2009,Bears,0,Home
2009,Falcons,0,Home
2009,Vikings,1,Home
2009,Titans,1,Home
2009,Raiders,0,Home
2009,Cowboys,0,Home
2009,Giants,0,Home
2009,49ers,1,Home
2009,Jaguars,0,Home
2009,Saints,0,Home
2009,Rams,0,Home
2009,Jets,0,Home
2009,Chiefs,0,Home
2009,Titans,1,Home
2009,Lions,0,Home
2009,Bills,0,Home
2009,Broncos,0,Home
2009,Chargers,1,Home
2009,Eagles,1,Home
2009,Steelers,1,Home
2009,Seahawks,0,Home
2009,Ravens,1,Home
2009,Panthers,1,Home
2009,Commanders,0,Home
2009,Titans,0,Home
2009,Steelers,1,Home
2009,Giants,0,Home
2009,Saints,0,Home
2009,Patriots,1,Home
2009,Falcons,1,Home
2009,Packers,1,Home
2009,Browns,1,Home
2009,Bengals,1,Home
2009,Dolphins,0,Home
2009,49ers,1,Home
2009,Cardinals,1,Home
2009,Eagles,1,Home
2009,Colts,0,Home
2009,Commanders,0,Home
2009,Bears,1,Home
2009,Panthers,1,Home
2009,Buccaneers,0,Home
2009,Vikings,1,Home
2009,Dolphins,0,Home
2009,Texans,1,Home
2009,Lions,0,Home
2009,Browns,1,Home
2009,Bills,1,Home
2009,Rams,0,Home
2009,Cowboys,1,Home
2009,Broncos,0,Home
2009,Raiders,0,Home
2009,Cardinals,0,Home
2009,Chargers,1,Home
2009,Seahawks,0,Home
2009,Jets,1,Home
2009,Bengals,0,Home
2009,Cowboys,1,Home
2009,Patriots,0,Home
2009,Cardinals,1,Home
2009,Saints,1,Home
2009,Colts,1,Home
2009,Vikings,1,Home
2009,Chargers,0,Home
2009,Colts,1,Home
2009,Saints,1,Home
2009,Colts,0,Home
2010,Saints,1,Home
2010,Texans,1,Home
2010,Jaguars,1,Home
2010,Buccaneers,1,Home
2010,Steelers,1,Home
2010,Titans,1,Home
2010,Patriots,1,Home
2010,Bears,1,Home
2010,Bills,0,Home
2010,Giants,1,Home
2010,Seahawks,1,Home
2010,Rams,0,Home
2010,Eagles,0,Home
2010,Commanders,1,Home
2010,Jets,0,Home
2010,Chiefs,1,Home
2010,Falcons,1,Home
2010,Bengals,1,Home
2010,Browns,0,Home
2010,Cowboys,0,Home
2010,Lions,0,Home
2010,Packers,1,Home
2010,Titans,0,Home
2010,Vikings,0,Home
2010,Panthers,0,Home
2010,Raiders,1,Home
2010,Broncos,1,Home
2010,Jets,1,Home
2010,Chargers,1,Home
2010,Commanders,0,Home
2010,Colts,1,Home
2010,49ers,0,Home
2010,Texans,0,Home
2010,Ravens,1,Home
2010,Buccaneers,0,Home
2010,Giants,0,Home
2010,Panthers,0,Home
2010,Patriots,1,Home
2010,Saints,0,Home
2010,Vikings,1,Home
2010,Chiefs,1,Home
2010,Rams,1,Home
2010,Jaguars,0,Home
2010,Broncos,0,Home
2010,Cardinals,1,Home
2010,Seahawks,1,Home
2010,Dolphins,0,Home
2010,Bears,1,Home
2010,Steelers,0,Home
2010,Saints,1,Home
2010,Rams,1,Home
2010,Titans,0,Home
2010,Falcons,1,Home
2010,Browns,1,Home
2010,Bills,0,Home
2010,Packers,1,Home
2010,Raiders,0,Home
2010,Jaguars,1,Home
2010,Eagles,0,Home
2010,Chargers,1,Home
2010,Giants,1,Home
2010,Dolphins,0,Home
2010,Bills,0,Home
2010,Bengals,0,Home
2010,Browns,0,Home
2010,Lions,1,Home
2010,Colts,1,Home
2010,Commanders,1,Home
2010,Panthers,0,Home
2010,Ravens,1,Home
2010,Texans,0,Home
2010,Cardinals,1,Home
2010,Raiders,1,Home
2010,Cowboys,0,Home
2010,49ers,0,Home
2010,Jets,1,Home
2010,Bears,0,Home
2010,Packers,0,Home
2010,Rams,1,Home
2010,Patriots,1,Home
2010,Giants,1,Home
2010,Eagles,1,Home
2010,Steelers,1,Home
2010,Buccaneers,0,Home
2010,Texans,1,Home
2010,Broncos,0,Home
2010,49ers,1,Home
2010,Vikings,1,Home
2010,Commanders,0,Home
2010,Jaguars,0,Home
2010,Ravens,1,Home
2010,Buccaneers,1,Home
2010,Saints,0,Home
2010,Dolphins,0,Home
2010,Panthers,1,Home
2010,Titans,1,Home
2010,Bears,0,Home
2010,Falcons,1,Home
2010,Chiefs,1,Home
2010,Seahawks,1,Home
2010,Broncos,0,Home
2010,Chargers,0,Home
2010,Packers,1,Home
2010,Cowboys,0,Home
2010,Rams,1,Home
2010,Jets,0,Home
2010,Chiefs,1,Home
2010,49ers,1,Home
2010,Cowboys,0,Home
2010,Bengals,0,Home
2010,Lions,1,Home
2010,Chargers,1,Home
2010,Raiders,1,Home
2010,Patriots,1,Home
2010,Cardinals,0,Home
2010,Saints,1,Home
2010,Colts,1,Home
2010,Texans,0,Home
2010,Ravens,1,Home
2010,Panthers,0,Home
2010,Vikings,1,Home
2010,Lions,0,Home
2010,Bills,0,Home
2010,Falcons,1,Home
2010,Browns,1,Home
2010,Seahawks,0,Home
2010,Raiders,1,Home
2010,Eagles,1,Home
2010,Packers,1,Home
2010,Bengals,0,Home
2010,Falcons,1,Home
2010,Buccaneers,1,Home
2010,Jaguars,1,Home
2010,Dolphins,1,Home
2010,Colts,1,Home
2010,Browns,0,Home
2010,Bears,1,Home
2010,Bills,1,Home
2010,Broncos,1,Home
2010,Giants,0,Home
2010,Cardinals,0,Home
2010,49ers,1,Home
2010,Steelers,0,Home
2010,Commanders,0,Home
2010,Dolphins,0,Home
2010,Jaguars,1,Home
2010,Panthers,0,Home
2010,Steelers,1,Home
2010,Jets,1,Home
2010,Bengals,0,Home
2010,Chiefs,1,Home
2010,Titans,0,Home
2010,Cowboys,1,Home
2010,Vikings,0,Home
2010,Saints,1,Home
2010,Rams,0,Home
2010,49ers,0,Home
2010,Patriots,1,Home
2010,Eagles,1,Home
2010,Chargers,1,Home
2010,Lions,0,Home
2010,Cowboys,0,Home
2010,Jets,1,Home
2010,Falcons,1,Home
2010,Bills,0,Home
2010,Browns,1,Home
2010,Giants,1,Home
2010,Commanders,0,Home
2010,Texans,1,Home
2010,Seahawks,0,Home
2010,Raiders,0,Home
2010,Bears,1,Home
2010,Broncos,0,Home
2010,Ravens,1,Home
2010,Colts,0,Home
2010,Cardinals,0,Home
2010,Eagles,1,Home
2010,Giants,1,Home
2010,Vikings,1,Home
2010,Dolphins,0,Home
2010,Chiefs,1,Home
2010,Packers,1,Home
2010,Lions,0,Home
2010,Bengals,0,Home
2010,Titans,0,Home
2010,Chargers,0,Home
2010,Colts,0,Home
2010,Cardinals,0,Home
2010,Seahawks,1,Home
2010,Buccaneers,0,Home
2010,Ravens,0,Home
2010,Patriots,1,Home
2010,Titans,0,Home
2010,Jaguars,1,Home
2010,Panthers,0,Home
2010,Commanders,0,Home
2010,Bills,1,Home
2010,Lions,1,Home
2010,Steelers,1,Home
2010,Saints,1,Home
2010,49ers,1,Home
2010,Jets,0,Home
2010,Cardinals,1,Home
2010,Bears,0,Home
2010,Chargers,1,Home
2010,Cowboys,0,Home
2010,Vikings,0,Home
2010,Texans,0,Home
2010,Chargers,1,Home
2010,Ravens,1,Home
2010,Panthers,1,Home
2010,Buccaneers,0,Home
2010,Giants,0,Home
2010,Dolphins,0,Home
2010,Colts,1,Home
2010,Titans,1,Home
2010,Cowboys,1,Home
2010,Bengals,1,Home
2010,Rams,0,Home
2010,Seahawks,0,Home
2010,Raiders,1,Home
2010,Steelers,0,Home
2010,Patriots,1,Home
2010,Vikings,0,Home
2010,Steelers,1,Home
2010,Cardinals,1,Home
2010,Dolphins,0,Home
2010,Jaguars,0,Home
2010,Rams,1,Home
2010,Bills,0,Home
2010,Browns,0,Home
2010,Bears,1,Home
2010,Chiefs,1,Home
2010,Bengals,1,Home
2010,Broncos,1,Home
2010,Raiders,0,Home
2010,Packers,1,Home
2010,Buccaneers,1,Home
2010,Falcons,0,Home
2010,Eagles,0,Home
2010,Ravens,1,Home
2010,Jets,1,Home
2010,Saints,0,Home
2010,Patriots,1,Home
2010,Falcons,1,Home
2010,Lions,1,Home
2010,Browns,0,Home
2010,Chiefs,0,Home
2010,Commanders,0,Home
2010,Texans,1,Home
2010,49ers,1,Home
2010,Broncos,0,Home
2010,Colts,1,Home
2010,Packers,1,Home
2010,Eagles,0,Home
2010,Seahawks,1,Home
2010,Seahawks,1,Home
2010,Colts,0,Home
2010,Chiefs,0,Home
2010,Eagles,0,Home
2010,Steelers,1,Home
2010,Falcons,0,Home
2010,Bears,1,Home
2010,Patriots,0,Home
2010,Bears,0,Home
2010,Steelers,1,Home
2010,Packers,1,Home
2011,Packers,1,Home
2011,Ravens,1,Home
2011,Texans,1,Home
2011,Jaguars,1,Home
2011,Buccaneers,0,Home
2011,Rams,0,Home
2011,Chiefs,0,Home
2011,Browns,0,Home
2011,Bears,1,Home
2011,Cardinals,1,Home
2011,Chargers,1,Home
2011,49ers,1,Home
2011,Commanders,1,Home
2011,Jets,1,Home
2011,Dolphins,0,Home
2011,Broncos,0,Home
2011,Panthers,0,Home
2011,Commanders,1,Home
2011,Steelers,1,Home
2011,Jets,1,Home
2011,Saints,1,Home
2011,Bills,1,Home
2011,Colts,0,Home
2011,Titans,1,Home
2011,Lions,1,Home
2011,Vikings,0,Home
2011,49ers,0,Home
2011,Patriots,1,Home
2011,Dolphins,0,Home
2011,Broncos,1,Home
2011,Falcons,1,Home
2011,Giants,1,Home
2011,Bills,1,Home
2011,Bengals,0,Home
2011,Browns,1,Home
2011,Titans,1,Home
2011,Vikings,0,Home
2011,Saints,1,Home
2011,Eagles,0,Home
2011,Panthers,1,Home
2011,Chargers,1,Home
2011,Raiders,1,Home
2011,Rams,0,Home
2011,Bears,0,Home
2011,Seahawks,1,Home
2011,Buccaneers,1,Home
2011,Colts,0,Home
2011,Cowboys,1,Home
2011,Eagles,0,Home
2011,Texans,1,Home
2011,Jaguars,0,Home
2011,Rams,0,Home
2011,Cowboys,0,Home
2011,Browns,0,Home
2011,Bengals,1,Home
2011,Bears,1,Home
2011,Chiefs,1,Home
2011,Cardinals,0,Home
2011,Seahawks,0,Home
2011,Packers,1,Home
2011,Raiders,0,Home
2011,Chargers,1,Home
2011,Ravens,1,Home
2011,Buccaneers,1,Home
2011,Bills,1,Home
2011,Colts,0,Home
2011,Vikings,1,Home
2011,Giants,0,Home
2011,Steelers,1,Home
2011,Panthers,0,Home
2011,Jaguars,0,Home
2011,Texans,0,Home
2011,49ers,1,Home
2011,Broncos,0,Home
2011,Patriots,1,Home
2011,Falcons,0,Home
2011,Lions,1,Home
2011,Falcons,1,Home
2011,Bengals,1,Home
2011,Lions,0,Home
2011,Packers,1,Home
2011,Giants,1,Home
2011,Steelers,1,Home
2011,Commanders,0,Home
2011,Raiders,1,Home
2011,Ravens,1,Home
2011,Patriots,1,Home
2011,Buccaneers,1,Home
2011,Bears,1,Home
2011,Jets,1,Home
2011,Jets,1,Home
2011,Dolphins,0,Home
2011,Panthers,1,Home
2011,Lions,0,Home
2011,Browns,1,Home
2011,Titans,0,Home
2011,Buccaneers,0,Home
2011,Cardinals,0,Home
2011,Raiders,0,Home
2011,Cowboys,1,Home
2011,Vikings,0,Home
2011,Saints,1,Home
2011,Jaguars,1,Home
2011,Ravens,1,Home
2011,Panthers,0,Home
2011,Texans,1,Home
2011,Rams,1,Home
2011,Titans,1,Home
2011,Giants,1,Home
2011,Bills,1,Home
2011,Broncos,0,Home
2011,Steelers,1,Home
2011,49ers,1,Home
2011,Seahawks,0,Home
2011,Eagles,1,Home
2011,Chiefs,1,Home
2011,Commanders,0,Home
2011,Texans,1,Home
2011,Chiefs,0,Home
2011,Saints,1,Home
2011,Cowboys,1,Home
2011,Bills,0,Home
2011,Colts,0,Home
2011,Titans,0,Home
2011,Raiders,0,Home
2011,Patriots,0,Home
2011,Cardinals,1,Home
2011,Chargers,0,Home
2011,Steelers,0,Home
2011,Eagles,0,Home
2011,Chargers,0,Home
2011,Eagles,0,Home
2011,Dolphins,1,Home
2011,Chiefs,0,Home
2011,Colts,0,Home
2011,Falcons,0,Home
2011,Browns,0,Home
2011,Bengals,0,Home
2011,Buccaneers,0,Home
2011,Cowboys,1,Home
2011,Panthers,0,Home
2011,Seahawks,1,Home
2011,49ers,1,Home
2011,Bears,1,Home
2011,Jets,0,Home
2011,Packers,1,Home
2011,Broncos,1,Home
2011,Browns,1,Home
2011,Lions,1,Home
2011,Packers,1,Home
2011,Dolphins,1,Home
2011,Vikings,0,Home
2011,Commanders,0,Home
2011,Ravens,1,Home
2011,49ers,1,Home
2011,Rams,0,Home
2011,Falcons,1,Home
2011,Bears,1,Home
2011,Giants,0,Home
2011,Patriots,1,Home
2011,Lions,0,Home
2011,Cowboys,1,Home
2011,Ravens,1,Home
2011,Jaguars,0,Home
2011,Jets,1,Home
2011,Rams,0,Home
2011,Titans,1,Home
2011,Bengals,1,Home
2011,Falcons,1,Home
2011,Colts,0,Home
2011,Raiders,1,Home
2011,Seahawks,0,Home
2011,Eagles,0,Home
2011,Chargers,0,Home
2011,Chiefs,0,Home
2011,Saints,1,Home
2011,Seahawks,1,Home
2011,Commanders,0,Home
2011,Buccaneers,0,Home
2011,Steelers,1,Home
2011,Patriots,1,Home
2011,Texans,1,Home
2011,Dolphins,1,Home
2011,Bears,0,Home
2011,Bills,0,Home
2011,Vikings,0,Home
2011,Browns,0,Home
2011,Cardinals,1,Home
2011,Giants,0,Home
2011,49ers,1,Home
2011,Saints,1,Home
2011,Jaguars,0,Home
2011,Steelers,1,Home
2011,Bengals,0,Home
2011,Lions,1,Home
2011,Titans,0,Home
2011,Dolphins,0,Home
2011,Jets,1,Home
2011,Commanders,0,Home
2011,Panthers,0,Home
2011,Jaguars,1,Home
2011,Ravens,1,Home
2011,Cardinals,1,Home
2011,Broncos,1,Home
2011,Packers,1,Home
2011,Chargers,1,Home
2011,Cowboys,0,Home
2011,Seahawks,1,Home
2011,Falcons,1,Home
2011,Buccaneers,0,Home
2011,Texans,0,Home
2011,Giants,0,Home
2011,Vikings,0,Home
2011,Rams,0,Home
2011,Chiefs,1,Home
2011,Colts,1,Home
2011,Bears,0,Home
2011,Bills,0,Home
2011,Raiders,0,Home
2011,Broncos,0,Home
2011,Eagles,1,Home
2011,Cardinals,1,Home
2011,Chargers,1,Home
2011,49ers,1,Home
2011,Colts,1,Home
2011,Ravens,1,Home
2011,Panthers,1,Home
2011,Commanders,0,Home
2011,Steelers,1,Home
2011,Jets,0,Home
2011,Bills,1,Home
2011,Chiefs,0,Home
2011,Titans,1,Home
2011,Bengals,1,Home
2011,Patriots,1,Home
2011,Lions,1,Home
2011,Seahawks,0,Home
2011,Cowboys,0,Home
2011,Packers,1,Home
2011,Saints,1,Home
2011,Jaguars,1,Home
2011,Eagles,1,Home
2011,Saints,1,Home
2011,Patriots,1,Home
2011,Texans,0,Home
2011,Dolphins,1,Home
2011,Rams,0,Home
2011,Packers,1,Home
2011,Vikings,0,Home
2011,Falcons,1,Home
2011,Bengals,0,Home
2011,Browns,0,Home
2011,Broncos,0,Home
2011,Raiders,0,Home
2011,Cardinals,1,Home
2011,Giants,1,Home
2011,Texans,1,Home
2011,Saints,1,Home
2011,Giants,1,Home
2011,Broncos,1,Home
2011,49ers,1,Home
2011,Patriots,1,Home
2011,Ravens,1,Home
2011,Packers,0,Home
2011,Patriots,1,Home
2011,49ers,0,Home
2011,Patriots,0,Home
2012,Giants,0,Home
2012,Texans,1,Home
2012,Jets,1,Home
2012,Saints,0,Home
2012,Vikings,1,Home
2012,Titans,0,Home
2012,Lions,1,Home
2012,Browns,0,Home
2012,Bears,1,Home
2012,Chiefs,0,Home
2012,Packers,0,Home
2012,Cardinals,1,Home
2012,Buccaneers,1,Home
2012,Broncos,1,Home
2012,Ravens,1,Home
2012,Raiders,0,Home
2012,Packers,1,Home
2012,Bills,1,Home
2012,Bengals,1,Home
2012,Colts,1,Home
2012,Dolphins,1,Home
2012,Patriots,0,Home
2012,Giants,1,Home
2012,Eagles,1,Home
2012,Panthers,1,Home
2012,Jaguars,0,Home
2012,Seahawks,1,Home
2012,Rams,1,Home
2012,Steelers,1,Home
2012,Chargers,1,Home
2012,49ers,1,Home
2012,Falcons,1,Home
2012,Panthers,0,Home
2012,Commanders,0,Home
2012,Saints,0,Home
2012,Dolphins,0,Home
2012,Colts,0,Home
2012,Vikings,1,Home
2012,Cowboys,1,Home
2012,Browns,0,Home
2012,Bears,1,Home
2012,Titans,1,Home
2012,Cardinals,1,Home
2012,Chargers,0,Home
2012,Broncos,0,Home
2012,Raiders,1,Home
2012,Ravens,1,Home
2012,Seahawks,1,Home
2012,Ravens,1,Home
2012,Texans,1,Home
2012,Jets,0,Home
2012,Rams,1,Home
2012,Falcons,1,Home
2012,Lions,0,Home
2012,Bills,0,Home
2012,Chiefs,0,Home
2012,Broncos,1,Home
2012,Cardinals,1,Home
2012,Jaguars,0,Home
2012,Buccaneers,0,Home
2012,Packers,1,Home
2012,Eagles,1,Home
2012,Cowboys,0,Home
2012,Rams,1,Home
2012,Bengals,0,Home
2012,Colts,1,Home
2012,Chiefs,0,Home
2012,Giants,1,Home
2012,Steelers,1,Home
2012,Commanders,0,Home
2012,Panthers,0,Home
2012,Jaguars,0,Home
2012,Patriots,1,Home
2012,49ers,1,Home
2012,Vikings,1,Home
2012,Saints,1,Home
2012,Jets,0,Home
2012,Titans,1,Home
2012,Ravens,1,Home
2012,Falcons,1,Home
2012,Browns,1,Home
2012,Dolphins,1,Home
2012,Jets,1,Home
2012,Eagles,0,Home
2012,Buccaneers,1,Home
2012,Seahawks,1,Home
2012,Cardinals,0,Home
2012,49ers,0,Home
2012,Commanders,1,Home
2012,Texans,0,Home
2012,Chargers,0,Home
2012,49ers,1,Home
2012,Texans,1,Home
2012,Panthers,0,Home
2012,Giants,1,Home
2012,Buccaneers,0,Home
2012,Rams,0,Home
2012,Colts,1,Home
2012,Bills,0,Home
2012,Vikings,1,Home
2012,Raiders,1,Home
2012,Patriots,1,Home
2012,Bengals,0,Home
2012,Bears,1,Home
2012,Vikings,0,Home
2012,Jets,0,Home
2012,Steelers,1,Home
2012,Eagles,0,Home
2012,Rams,0,Home
2012,Packers,1,Home
2012,Titans,0,Home
2012,Lions,1,Home
2012,Browns,1,Home
2012,Bears,1,Home
2012,Chiefs,0,Home
2012,Cowboys,0,Home
2012,Broncos,1,Home
2012,Cardinals,0,Home
2012,Chargers,1,Home
2012,Texans,1,Home
2012,Jaguars,0,Home
2012,Commanders,0,Home
2012,Colts,1,Home
2012,Bengals,0,Home
2012,Packers,1,Home
2012,Browns,0,Home
2012,Titans,0,Home
2012,Raiders,0,Home
2012,Seahawks,1,Home
2012,Giants,0,Home
2012,Falcons,1,Home
2012,Saints,1,Home
2012,Jaguars,0,Home
2012,Ravens,1,Home
2012,Panthers,0,Home
2012,Saints,1,Home
2012,Buccaneers,1,Home
2012,Vikings,1,Home
2012,Dolphins,0,Home
2012,Bengals,1,Home
2012,Patriots,1,Home
2012,Seahawks,1,Home
2012,Eagles,0,Home
2012,49ers,0,Home
2012,Bears,0,Home
2012,Steelers,1,Home
2012,Bills,1,Home
2012,Panthers,0,Home
2012,Texans,1,Home
2012,Commanders,1,Home
2012,Rams,0,Home
2012,Lions,0,Home
2012,Cowboys,1,Home
2012,Falcons,1,Home
2012,Chiefs,0,Home
2012,Raiders,0,Home
2012,Broncos,1,Home
2012,Patriots,1,Home
2012,Steelers,0,Home
2012,49ers,1,Home
2012,Lions,0,Home
2012,Cowboys,0,Home
2012,Jets,0,Home
2012,Jaguars,1,Home
2012,Dolphins,1,Home
2012,Chiefs,0,Home
2012,Colts,1,Home
2012,Buccaneers,0,Home
2012,Bengals,1,Home
2012,Bears,1,Home
2012,Browns,1,Home
2012,Chargers,0,Home
2012,Saints,0,Home
2012,Cardinals,0,Home
2012,Giants,1,Home
2012,Eagles,0,Home
2012,Falcons,1,Home
2012,Jets,1,Home
2012,Dolphins,0,Home
2012,Rams,1,Home
2012,Chiefs,1,Home
2012,Lions,0,Home
2012,Packers,1,Home
2012,Bears,0,Home
2012,Bills,1,Home
2012,Titans,0,Home
2012,Broncos,1,Home
2012,Ravens,0,Home
2012,Raiders,0,Home
2012,Chargers,0,Home
2012,Cowboys,1,Home
2012,Commanders,1,Home
2012,Raiders,0,Home
2012,Panthers,1,Home
2012,Commanders,1,Home
2012,Jaguars,0,Home
2012,Buccaneers,0,Home
2012,Steelers,0,Home
2012,Vikings,1,Home
2012,Colts,1,Home
2012,Browns,1,Home
2012,Bengals,0,Home
2012,Bills,0,Home
2012,49ers,1,Home
2012,Giants,1,Home
2012,Seahawks,1,Home
2012,Packers,1,Home
2012,Patriots,1,Home
2012,Eagles,0,Home
2012,Falcons,1,Home
2012,Bears,0,Home
2012,Browns,0,Home
2012,Rams,0,Home
2012,Dolphins,1,Home
2012,Saints,1,Home
2012,Ravens,0,Home
2012,Texans,1,Home
2012,Bills,0,Home
2012,Cardinals,1,Home
2012,Chargers,0,Home
2012,Raiders,1,Home
2012,Cowboys,1,Home
2012,Patriots,0,Home
2012,Titans,1,Home
2012,Lions,0,Home
2012,Eagles,0,Home
2012,Texans,0,Home
2012,Jaguars,0,Home
2012,Panthers,1,Home
2012,Buccaneers,0,Home
2012,Steelers,0,Home
2012,Jets,0,Home
2012,Dolphins,1,Home
2012,Chiefs,0,Home
2012,Packers,1,Home
2012,Cowboys,0,Home
2012,Broncos,1,Home
2012,Cardinals,0,Home
2012,Ravens,1,Home
2012,Seahawks,1,Home
2012,Giants,1,Home
2012,Bengals,1,Home
2012,Saints,0,Home
2012,Steelers,1,Home
2012,Colts,1,Home
2012,Falcons,0,Home
2012,Lions,0,Home
2012,Bills,1,Home
2012,Titans,1,Home
2012,49ers,1,Home
2012,Chargers,1,Home
2012,Seahawks,1,Home
2012,Vikings,1,Home
2012,Broncos,1,Home
2012,Patriots,1,Home
2012,Commanders,1,Home
2012,Texans,1,Home
2012,Packers,1,Home
2012,Ravens,1,Home
2012,Commanders,0,Home
2012,Broncos,0,Home
2012,49ers,1,Home
2012,Falcons,1,Home
2012,Patriots,1,Home
2012,Falcons,0,Home
2012,Patriots,0,Home
2012,49ers,0,Home
2013,Broncos,1,Home
2013,Jaguars,0,Home
2013,Panthers,0,Home
2013,Steelers,0,Home
2013,Saints,1,Home
2013,Jets,1,Home
2013,Lions,1,Home
2013,Browns,0,Home
2013,Bears,1,Home
2013,Bills,0,Home
2013,Colts,1,Home
2013,Rams,1,Home
2013,49ers,1,Home
2013,Cowboys,1,Home
2013,Commanders,0,Home
2013,Chargers,0,Home
2013,Patriots,1,Home
2013,Chiefs,1,Home
2013,Eagles,0,Home
2013,Colts,0,Home
2013,Ravens,1,Home
2013,Bears,1,Home
2013,Bills,1,Home
2013,Falcons,1,Home
2013,Packers,1,Home
2013,Texans,1,Home
2013,Buccaneers,0,Home
2013,Cardinals,1,Home
2013,Raiders,1,Home
2013,Giants,0,Home
2013,Seahawks,1,Home
2013,Bengals,1,Home
2013,Eagles,0,Home
2013,Ravens,1,Home
2013,Panthers,1,Home
2013,Saints,1,Home
2013,Patriots,1,Home
2013,Commanders,0,Home
2013,Titans,1,Home
2013,Cowboys,1,Home
2013,Bengals,1,Home
2013,Vikings,0,Home
2013,Dolphins,1,Home
2013,Jets,1,Home
2013,49ers,0,Home
2013,Seahawks,1,Home
2013,Steelers,0,Home
2013,Broncos,1,Home
2013,Rams,0,Home
2013,Buccaneers,0,Home
2013,Texans,0,Home
2013,Jaguars,0,Home
2013,Vikings,1,Home
2013,Bills,1,Home
2013,Lions,1,Home
2013,Browns,1,Home
2013,Chiefs,1,Home
2013,Titans,1,Home
2013,Broncos,1,Home
2013,Raiders,0,Home
2013,Chargers,1,Home
2013,Falcons,0,Home
2013,Saints,1,Home
2013,Browns,1,Home
2013,Bears,0,Home
2013,Bengals,1,Home
2013,Packers,1,Home
2013,Titans,0,Home
2013,Colts,1,Home
2013,Rams,1,Home
2013,Dolphins,0,Home
2013,Giants,0,Home
2013,Cardinals,1,Home
2013,Cowboys,0,Home
2013,49ers,1,Home
2013,Raiders,1,Home
2013,Falcons,0,Home
2013,Bears,1,Home
2013,Texans,0,Home
2013,Buccaneers,0,Home
2013,Jets,0,Home
2013,Ravens,0,Home
2013,Chiefs,1,Home
2013,Browns,0,Home
2013,Bills,0,Home
2013,Vikings,0,Home
2013,Broncos,1,Home
2013,Seahawks,1,Home
2013,Patriots,1,Home
2013,49ers,1,Home
2013,Cowboys,1,Home
2013,Chargers,1,Home
2013,Cardinals,0,Home
2013,Commanders,1,Home
2013,Jaguars,0,Home
2013,Panthers,1,Home
2013,Eagles,0,Home
2013,Dolphins,0,Home
2013,Lions,0,Home
2013,Falcons,1,Home
2013,Jets,1,Home
2013,Titans,0,Home
2013,Packers,1,Home
2013,Chiefs,1,Home
2013,Steelers,1,Home
2013,Colts,1,Home
2013,Giants,1,Home
2013,Buccaneers,0,Home
2013,Jaguars,0,Home
2013,Eagles,0,Home
2013,Saints,1,Home
2013,Lions,1,Home
2013,Chiefs,1,Home
2013,Patriots,1,Home
2013,Bengals,1,Home
2013,Raiders,1,Home
2013,Cardinals,1,Home
2013,Broncos,1,Home
2013,Vikings,0,Home
2013,Rams,0,Home
2013,Dolphins,1,Home
2013,Bills,0,Home
2013,Cowboys,1,Home
2013,Rams,0,Home
2013,Jets,1,Home
2013,Commanders,1,Home
2013,Panthers,1,Home
2013,Raiders,0,Home
2013,Seahawks,1,Home
2013,Browns,1,Home
2013,Patriots,1,Home
2013,Texans,0,Home
2013,Packers,0,Home
2013,Vikings,1,Home
2013,Falcons,0,Home
2013,Bears,0,Home
2013,Packers,0,Home
2013,Titans,0,Home
2013,Colts,0,Home
2013,Giants,1,Home
2013,Steelers,1,Home
2013,Ravens,1,Home
2013,49ers,0,Home
2013,Chargers,0,Home
2013,Cardinals,1,Home
2013,Saints,1,Home
2013,Buccaneers,1,Home
2013,Titans,0,Home
2013,Jaguars,0,Home
2013,Buccaneers,1,Home
2013,Steelers,1,Home
2013,Texans,0,Home
2013,Bears,1,Home
2013,Bills,1,Home
2013,Eagles,1,Home
2013,Bengals,1,Home
2013,Dolphins,1,Home
2013,Saints,1,Home
2013,Giants,1,Home
2013,Seahawks,1,Home
2013,Broncos,1,Home
2013,Panthers,1,Home
2013,Falcons,0,Home
2013,Dolphins,0,Home
2013,Texans,0,Home
2013,Ravens,1,Home
2013,Rams,1,Home
2013,Chiefs,0,Home
2013,Packers,0,Home
2013,Lions,0,Home
2013,Browns,0,Home
2013,Raiders,0,Home
2013,Cardinals,1,Home
2013,Giants,0,Home
2013,Patriots,1,Home
2013,Commanders,0,Home
2013,Lions,1,Home
2013,Cowboys,1,Home
2013,Ravens,1,Home
2013,Browns,0,Home
2013,Colts,1,Home
2013,Vikings,1,Home
2013,Jets,0,Home
2013,Eagles,1,Home
2013,Panthers,1,Home
2013,Texans,0,Home
2013,Bills,0,Home
2013,49ers,1,Home
2013,Chiefs,0,Home
2013,Chargers,0,Home
2013,Commanders,0,Home
2013,Seahawks,1,Home
2013,Jaguars,1,Home
2013,Commanders,0,Home
2013,Buccaneers,1,Home
2013,Steelers,0,Home
2013,Eagles,1,Home
2013,Ravens,1,Home
2013,Patriots,1,Home
2013,Packers,1,Home
2013,Bengals,1,Home
2013,Jets,1,Home
2013,Broncos,1,Home
2013,Cardinals,1,Home
2013,Chargers,1,Home
2013,49ers,1,Home
2013,Saints,1,Home
2013,Bears,1,Home
2013,Broncos,0,Home
2013,Giants,0,Home
2013,Jaguars,0,Home
2013,Buccaneers,0,Home
2013,Vikings,1,Home
2013,Falcons,1,Home
2013,Colts,1,Home
2013,Browns,0,Home
2013,Dolphins,1,Home
2013,Raiders,0,Home
2013,Panthers,1,Home
2013,Cowboys,0,Home
2013,Titans,0,Home
2013,Rams,1,Home
2013,Steelers,1,Home
2013,Lions,0,Home
2013,Texans,0,Home
2013,Jaguars,0,Home
2013,Panthers,1,Home
2013,Commanders,0,Home
2013,Bills,1,Home
2013,Rams,1,Home
2013,Chiefs,0,Home
2013,Bengals,1,Home
2013,Jets,1,Home
2013,Seahawks,0,Home
2013,Lions,0,Home
2013,Ravens,0,Home
2013,Chargers,1,Home
2013,Packers,0,Home
2013,Eagles,1,Home
2013,49ers,1,Home
2013,Giants,1,Home
2013,Vikings,1,Home
2013,Dolphins,0,Home
2013,Steelers,1,Home
2013,Titans,1,Home
2013,Bengals,1,Home
2013,Falcons,0,Home
2013,Colts,1,Home
2013,Bears,0,Home
2013,Raiders,0,Home
2013,Patriots,1,Home
2013,Saints,1,Home
2013,Cardinals,0,Home
2013,Chargers,1,Home
2013,Seahawks,1,Home
2013,Cowboys,0,Home
2013,Colts,1,Home
2013,Eagles,0,Home
2013,Bengals,0,Home
2013,Packers,0,Home
2013,Seahawks,1,Home
2013,Patriots,1,Home
2013,Panthers,0,Home
2013,Broncos,1,Home
2013,Broncos,1,Home
2013,Seahawks,1,Home
2013,Broncos,0,Home
2014,Seahawks,1,Home
2014,Texans,1,Home
2014,Ravens,0,Home
2014,Steelers,1,Home
2014,Eagles,1,Home
2014,Jets,1,Home
2014,Chiefs,0,Home
2014,Rams,0,Home
2014,Bears,0,Home
2014,Falcons,1,Home
2014,Dolphins,1,Home
2014,Cowboys,0,Home
2014,Buccaneers,0,Home
2014,Broncos,1,Home
2014,Lions,1,Home
2014,Cardinals,1,Home
2014,Ravens,1,Home
2014,Bills,1,Home
2014,Bengals,1,Home
2014,Browns,1,Home
2014,Titans,0,Home
2014,Vikings,0,Home
2014,Giants,0,Home
2014,Commanders,1,Home
2014,Panthers,1,Home
2014,Buccaneers,0,Home
2014,Chargers,1,Home
2014,Broncos,1,Home
2014,Packers,1,Home
2014,Raiders,0,Home
2014,49ers,0,Home
2014,Colts,0,Home
2014,Falcons,1,Home
2014,Saints,1,Home
2014,Eagles,1,Home
2014,Giants,1,Home
2014,Jaguars,0,Home
2014,Patriots,1,Home
2014,Browns,0,Home
2014,Lions,1,Home
2014,Bills,0,Home
2014,Rams,0,Home
2014,Bengals,1,Home
2014,Cardinals,1,Home
2014,Dolphins,0,Home
2014,Seahawks,1,Home
2014,Panthers,0,Home
2014,Jets,0,Home
2014,Commanders,0,Home
2014,Texans,1,Home
2014,Ravens,1,Home
2014,Steelers,0,Home
2014,Colts,1,Home
2014,Raiders,0,Home
2014,Bears,0,Home
2014,Jets,0,Home
2014,Chargers,1,Home
2014,49ers,1,Home
2014,Vikings,1,Home
2014,Cowboys,1,Home
2014,Chiefs,1,Home
2014,Packers,1,Home
2014,Panthers,1,Home
2014,Eagles,1,Home
2014,Giants,1,Home
2014,Saints,1,Home
2014,Jaguars,0,Home
2014,Titans,0,Home
2014,Lions,0,Home
2014,Cowboys,1,Home
2014,Colts,1,Home
2014,Broncos,1,Home
2014,Chargers,1,Home
2014,49ers,1,Home
2014,Patriots,1,Home
2014,Commanders,0,Home
2014,Texans,0,Home
2014,Vikings,0,Home
2014,Jets,0,Home
2014,Buccaneers,0,Home
2014,Dolphins,0,Home
2014,Browns,1,Home
2014,Bills,0,Home
2014,Titans,1,Home
2014,Bengals,0,Home
2014,Raiders,0,Home
2014,Falcons,0,Home
2014,Cardinals,1,Home
2014,Seahawks,0,Home
2014,Eagles,1,Home
2014,Rams,0,Home
2014,Patriots,1,Home
2014,Ravens,1,Home
2014,Jaguars,1,Home
2014,Commanders,1,Home
2014,Rams,1,Home
2014,Bears,0,Home
2014,Packers,1,Home
2014,Lions,1,Home
2014,Bills,1,Home
2014,Colts,1,Home
2014,Chargers,0,Home
2014,Raiders,0,Home
2014,Cowboys,1,Home
2014,Broncos,1,Home
2014,Steelers,1,Home
2014,Broncos,1,Home
2014,Falcons,0,Home
2014,Jaguars,0,Home
2014,Buccaneers,0,Home
2014,Jets,0,Home
2014,Panthers,0,Home
2014,Chiefs,1,Home
2014,Titans,0,Home
2014,Bengals,1,Home
2014,Patriots,1,Home
2014,Cardinals,1,Home
2014,Browns,1,Home
2014,Steelers,1,Home
2014,Saints,1,Home
2014,Cowboys,0,Home
2014,Panthers,0,Home
2014,Dolphins,1,Home
2014,Vikings,1,Home
2014,Chiefs,1,Home
2014,Texans,0,Home
2014,Browns,1,Home
2014,Cowboys,0,Home
2014,Bengals,1,Home
2014,49ers,0,Home
2014,Patriots,1,Home
2014,Seahawks,1,Home
2014,Steelers,1,Home
2014,Giants,0,Home
2014,Bengals,0,Home
2014,Ravens,1,Home
2014,Jaguars,0,Home
2014,Jets,1,Home
2014,Buccaneers,0,Home
2014,Lions,1,Home
2014,Bills,0,Home
2014,Saints,0,Home
2014,Raiders,0,Home
2014,Cardinals,1,Home
2014,Seahawks,1,Home
2014,Packers,1,Home
2014,Eagles,1,Home
2014,Dolphins,1,Home
2014,Giants,0,Home
2014,Panthers,0,Home
2014,Commanders,0,Home
2014,Saints,0,Home
2014,Chiefs,1,Home
2014,Browns,0,Home
2014,Bears,1,Home
2014,Rams,1,Home
2014,Chargers,1,Home
2014,Packers,1,Home
2014,Cardinals,1,Home
2014,Colts,0,Home
2014,Titans,0,Home
2014,Raiders,1,Home
2014,Texans,0,Home
2014,Eagles,1,Home
2014,Patriots,1,Home
2014,Falcons,0,Home
2014,Colts,1,Home
2014,Bears,1,Home
2014,Vikings,0,Home
2014,Chargers,1,Home
2014,Seahawks,1,Home
2014,Broncos,1,Home
2014,49ers,1,Home
2014,Giants,0,Home
2014,Bills,1,Home
2014,Saints,0,Home
2014,Lions,1,Home
2014,Cowboys,0,Home
2014,49ers,0,Home
2014,Texans,1,Home
2014,Ravens,0,Home
2014,Buccaneers,0,Home
2014,Steelers,0,Home
2014,Jaguars,1,Home
2014,Rams,1,Home
2014,Colts,1,Home
2014,Bills,1,Home
2014,Vikings,1,Home
2014,Falcons,1,Home
2014,Packers,1,Home
2014,Chiefs,0,Home
2014,Jets,0,Home
2014,Bears,0,Home
2014,Saints,0,Home
2014,Jaguars,0,Home
2014,Commanders,0,Home
2014,Vikings,1,Home
2014,Titans,0,Home
2014,Lions,1,Home
2014,Browns,0,Home
2014,Bengals,0,Home
2014,Dolphins,0,Home
2014,Broncos,1,Home
2014,Cardinals,1,Home
2014,Raiders,1,Home
2014,Eagles,0,Home
2014,Chargers,0,Home
2014,Packers,1,Home
2014,Rams,0,Home
2014,Panthers,1,Home
2014,Giants,1,Home
2014,Patriots,1,Home
2014,Chiefs,1,Home
2014,Ravens,1,Home
2014,Browns,0,Home
2014,Bills,1,Home
2014,Falcons,0,Home
2014,Colts,1,Home
2014,Chargers,0,Home
2014,Titans,0,Home
2014,Lions,1,Home
2014,Seahawks,1,Home
2014,Eagles,0,Home
2014,Bears,0,Home
2014,Jaguars,1,Home
2014,Commanders,1,Home
2014,49ers,0,Home
2014,Texans,1,Home
2014,Panthers,1,Home
2014,Steelers,1,Home
2014,Buccaneers,0,Home
2014,Saints,0,Home
2014,Dolphins,1,Home
2014,Bears,0,Home
2014,Jets,0,Home
2014,Rams,0,Home
2014,Cowboys,1,Home
2014,Raiders,1,Home
2014,Cardinals,0,Home
2014,Bengals,1,Home
2014,Buccaneers,0,Home
2014,Texans,1,Home
2014,Ravens,1,Home
2014,Commanders,0,Home
2014,Giants,0,Home
2014,Dolphins,0,Home
2014,Vikings,1,Home
2014,Patriots,0,Home
2014,Chiefs,1,Home
2014,Titans,0,Home
2014,Falcons,0,Home
2014,Broncos,1,Home
2014,Packers,1,Home
2014,49ers,1,Home
2014,Seahawks,1,Home
2014,Steelers,1,Home
2014,Panthers,1,Home
2014,Steelers,0,Home
2014,Colts,1,Home
2014,Cowboys,1,Home
2014,Patriots,1,Home
2014,Seahawks,1,Home
2014,Packers,1,Home
2014,Broncos,0,Home
2014,Seahawks,1,Home
2014,Patriots,1,Home
2014,Seahawks,0,Home
2015,Patriots,1,Home
2015,Bills,1,Home
2015,Bears,0,Home
2015,Rams,1,Home
2015,Jets,1,Home
2015,Commanders,0,Home
2015,Jaguars,0,Home
2015,Texans,0,Home
2015,Cardinals,1,Home
2015,Chargers,1,Home
2015,Buccaneers,0,Home
2015,Broncos,1,Home
2015,Raiders,0,Home
2015,Cowboys,1,Home
2015,Falcons,1,Home
2015,49ers,1,Home
2015,Chiefs,0,Home
2015,Giants,0,Home
2015,Panthers,1,Home
2015,Commanders,1,Home
2015,Steelers,1,Home
2015,Saints,0,Home
2015,Vikings,1,Home
2015,Browns,1,Home
2015,Bengals,1,Home
2015,Bears,0,Home
2015,Bills,0,Home
2015,Raiders,1,Home
2015,Jaguars,1,Home
2015,Eagles,0,Home
2015,Packers,1,Home
2015,Colts,0,Home
2015,Giants,1,Home
2015,Texans,1,Home
2015,Ravens,0,Home
2015,Panthers,1,Home
2015,Jets,0,Home
2015,Patriots,1,Home
2015,Browns,0,Home
2015,Rams,0,Home
2015,Titans,0,Home
2015,Cowboys,0,Home
2015,Vikings,1,Home
2015,Cardinals,1,Home
2015,Seahawks,1,Home
2015,Dolphins,0,Home
2015,Lions,0,Home
2015,Packers,1,Home
2015,Steelers,0,Home
2015,Dolphins,0,Home
2015,Buccaneers,0,Home
2015,Colts,1,Home
2015,Bengals,1,Home
2015,Commanders,1,Home
2015,Bills,0,Home
2015,Falcons,1,Home
2015,Bears,1,Home
2015,Chargers,1,Home
2015,Broncos,1,Home
2015,Cardinals,0,Home
2015,49ers,0,Home
2015,Saints,1,Home
2015,Seahawks,1,Home
2015,Texans,0,Home
2015,Eagles,1,Home
2015,Ravens,0,Home
2015,Buccaneers,1,Home
2015,Chiefs,0,Home
2015,Titans,0,Home
2015,Packers,1,Home
2015,Bengals,1,Home
2015,Falcons,1,Home
2015,Lions,0,Home
2015,Cowboys,0,Home
2015,Raiders,0,Home
2015,Giants,1,Home
2015,Chargers,0,Home
2015,Saints,1,Home
2015,Jaguars,0,Home
2015,Steelers,1,Home
2015,Jets,1,Home
2015,Vikings,1,Home
2015,Browns,0,Home
2015,Lions,1,Home
2015,Bills,0,Home
2015,Titans,0,Home
2015,Seahawks,0,Home
2015,49ers,1,Home
2015,Packers,1,Home
2015,Colts,0,Home
2015,Eagles,1,Home
2015,49ers,0,Home
2015,Jaguars,1,Home
2015,Patriots,1,Home
2015,Dolphins,1,Home
2015,Rams,1,Home
2015,Commanders,1,Home
2015,Colts,0,Home
2015,Titans,0,Home
2015,Lions,0,Home
2015,Chiefs,1,Home
2015,Chargers,0,Home
2015,Giants,1,Home
2015,Panthers,1,Home
2015,Cardinals,1,Home
2015,Patriots,1,Home
2015,Chiefs,1,Home
2015,Steelers,0,Home
2015,Texans,1,Home
2015,Saints,1,Home
2015,Ravens,1,Home
2015,Browns,0,Home
2015,Bears,0,Home
2015,Falcons,0,Home
2015,Rams,1,Home
2015,Raiders,1,Home
2015,Cowboys,0,Home
2015,Broncos,1,Home
2015,Panthers,1,Home
2015,Bengals,1,Home
2015,Panthers,1,Home
2015,Steelers,1,Home
2015,Jets,1,Home
2015,Saints,0,Home
2015,Vikings,1,Home
2015,Bills,1,Home
2015,Patriots,1,Home
2015,49ers,1,Home
2015,Buccaneers,0,Home
2015,Colts,1,Home
2015,Cowboys,0,Home
2015,Chargers,0,Home
2015,Jets,0,Home
2015,Commanders,1,Home
2015,Ravens,0,Home
2015,Buccaneers,1,Home
2015,Steelers,1,Home
2015,Eagles,0,Home
2015,Rams,0,Home
2015,Titans,0,Home
2015,Packers,0,Home
2015,Raiders,0,Home
2015,Broncos,0,Home
2015,Giants,0,Home
2015,Seahawks,0,Home
2015,Bengals,0,Home
2015,Jaguars,1,Home
2015,Texans,1,Home
2015,Ravens,1,Home
2015,Panthers,1,Home
2015,Eagles,0,Home
2015,Falcons,0,Home
2015,Lions,1,Home
2015,Bears,0,Home
2015,Dolphins,0,Home
2015,Chargers,0,Home
2015,Vikings,0,Home
2015,Seahawks,1,Home
2015,Cardinals,1,Home
2015,Patriots,1,Home
2015,Lions,1,Home
2015,Cowboys,0,Home
2015,Packers,0,Home
2015,Texans,1,Home
2015,Jaguars,0,Home
2015,Commanders,1,Home
2015,Chiefs,1,Home
2015,Jets,1,Home
2015,Titans,0,Home
2015,Bengals,1,Home
2015,Falcons,0,Home
2015,Colts,1,Home
2015,49ers,0,Home
2015,Seahawks,1,Home
2015,Broncos,1,Home
2015,Browns,0,Home
2015,Lions,0,Home
2015,Giants,0,Home
2015,Vikings,0,Home
2015,Buccaneers,1,Home
2015,Dolphins,1,Home
2015,Rams,0,Home
2015,Titans,1,Home
2015,Browns,0,Home
2015,Bears,0,Home
2015,Bills,1,Home
2015,Raiders,0,Home
2015,Chargers,0,Home
2015,Patriots,0,Home
2015,Saints,0,Home
2015,Steelers,1,Home
2015,Commanders,0,Home
2015,Cardinals,1,Home
2015,Bears,0,Home
2015,Bengals,0,Home
2015,Browns,1,Home
2015,Chiefs,1,Home
2015,Rams,1,Home
2015,Jets,1,Home
2015,Eagles,1,Home
2015,Buccaneers,0,Home
2015,Panthers,1,Home
2015,Jaguars,1,Home
2015,Ravens,0,Home
2015,Broncos,0,Home
2015,Packers,1,Home
2015,Texans,0,Home
2015,Dolphins,0,Home
2015,Rams,1,Home
2015,Cowboys,0,Home
2015,Ravens,0,Home
2015,Commanders,1,Home
2015,Giants,0,Home
2015,Jaguars,0,Home
2015,Vikings,1,Home
2015,Colts,0,Home
2015,Patriots,1,Home
2015,Raiders,0,Home
2015,Seahawks,1,Home
2015,Steelers,1,Home
2015,Chargers,1,Home
2015,49ers,0,Home
2015,Eagles,0,Home
2015,Saints,0,Home
2015,Raiders,1,Home
2015,Eagles,0,Home
2015,Jets,1,Home
2015,Dolphins,0,Home
2015,Ravens,1,Home
2015,Chiefs,1,Home
2015,Buccaneers,0,Home
2015,Lions,1,Home
2015,Falcons,1,Home
2015,Titans,0,Home
2015,Bills,1,Home
2015,Saints,1,Home
2015,Cardinals,1,Home
2015,Seahawks,0,Home
2015,Vikings,1,Home
2015,Broncos,1,Home
2015,Texans,1,Home
2015,Giants,0,Home
2015,Dolphins,1,Home
2015,Colts,1,Home
2015,Cowboys,0,Home
2015,Browns,0,Home
2015,Bengals,1,Home
2015,Bears,0,Home
2015,Bills,1,Home
2015,Falcons,0,Home
2015,Broncos,1,Home
2015,Chiefs,1,Home
2015,Cardinals,0,Home
2015,49ers,1,Home
2015,Panthers,1,Home
2015,Packers,0,Home
2015,Texans,0,Home
2015,Bengals,0,Home
2015,Vikings,0,Home
2015,Commanders,0,Home
2015,Patriots,1,Home
2015,Cardinals,1,Home
2015,Panthers,1,Home
2015,Broncos,1,Home
2015,Broncos,1,Home
2015,Panthers,1,Home
2015,Broncos,1,Home
2016,Broncos,1,Home
2016,Falcons,0,Home
2016,Titans,0,Home
2016,Chiefs,1,Home
2016,Saints,0,Home
2016,Jets,0,Home
2016,Eagles,1,Home
2016,Jaguars,0,Home
2016,Ravens,1,Home
2016,Texans,1,Home
2016,Seahawks,1,Home
2016,Colts,0,Home
2016,Cowboys,0,Home
2016,Cardinals,0,Home
2016,Commanders,0,Home
2016,49ers,1,Home
2016,Bills,0,Home
2016,Texans,1,Home
2016,Panthers,1,Home
2016,Steelers,1,Home
2016,Commanders,0,Home
2016,Patriots,1,Home
2016,Lions,0,Home
2016,Browns,0,Home
2016,Giants,1,Home
2016,Rams,1,Home
2016,Cardinals,1,Home
2016,Broncos,1,Home
2016,Raiders,0,Home
2016,Chargers,1,Home
2016,Vikings,1,Home
2016,Bears,0,Home
2016,Patriots,1,Home
2016,Panthers,0,Home
2016,Packers,1,Home
2016,Jaguars,0,Home
2016,Giants,0,Home
2016,Bengals,0,Home
2016,Titans,0,Home
2016,Dolphins,1,Home
2016,Bills,1,Home
2016,Seahawks,1,Home
2016,Buccaneers,0,Home
2016,Colts,1,Home
2016,Chiefs,1,Home
2016,Eagles,1,Home
2016,Cowboys,1,Home
2016,Saints,0,Home
2016,Bengals,1,Home
2016,Jaguars,1,Home
2016,Falcons,1,Home
2016,Bears,1,Home
2016,Patriots,0,Home
2016,Jets,0,Home
2016,Commanders,1,Home
2016,Ravens,0,Home
2016,Texans,1,Home
2016,Buccaneers,0,Home
2016,49ers,0,Home
2016,Chargers,0,Home
2016,Cardinals,0,Home
2016,Steelers,1,Home
2016,Vikings,1,Home
2016,49ers,0,Home
2016,Steelers,1,Home
2016,Vikings,1,Home
2016,Dolphins,0,Home
2016,Ravens,0,Home
2016,Lions,1,Home
2016,Browns,0,Home
2016,Colts,1,Home
2016,Broncos,0,Home
2016,Cowboys,1,Home
2016,Raiders,1,Home
2016,Rams,0,Home
2016,Packers,1,Home
2016,Panthers,0,Home
2016,Chargers,1,Home
2016,Saints,1,Home
2016,Commanders,1,Home
2016,Giants,1,Home
2016,Patriots,1,Home
2016,Dolphins,1,Home
2016,Titans,1,Home
2016,Lions,1,Home
2016,Bears,0,Home
2016,Bills,1,Home
2016,Raiders,0,Home
2016,Packers,0,Home
2016,Seahawks,1,Home
2016,Texans,1,Home
2016,Cardinals,1,Home
2016,Packers,1,Home
2016,Rams,0,Home
2016,Bengals,1,Home
2016,Lions,1,Home
2016,Titans,0,Home
2016,Chiefs,1,Home
2016,Dolphins,1,Home
2016,Jets,1,Home
2016,Eagles,1,Home
2016,Jaguars,0,Home
2016,Falcons,0,Home
2016,49ers,0,Home
2016,Steelers,0,Home
2016,Cardinals,0,Home
2016,Broncos,1,Home
2016,Titans,1,Home
2016,Bengals,0,Home
2016,Bills,0,Home
2016,Browns,0,Home
2016,Colts,0,Home
2016,Saints,1,Home
2016,Buccaneers,0,Home
2016,Panthers,1,Home
2016,Texans,1,Home
2016,Broncos,1,Home
2016,Falcons,1,Home
2016,Cowboys,1,Home
2016,Bears,1,Home
2016,Buccaneers,0,Home
2016,Browns,0,Home
2016,Chiefs,1,Home
2016,Dolphins,1,Home
2016,Vikings,0,Home
2016,Giants,1,Home
2016,Ravens,1,Home
2016,49ers,0,Home
2016,Rams,0,Home
2016,Packers,0,Home
2016,Chargers,1,Home
2016,Raiders,1,Home
2016,Seahawks,1,Home
2016,Ravens,1,Home
2016,Commanders,1,Home
2016,Jaguars,0,Home
2016,Panthers,0,Home
2016,Buccaneers,1,Home
2016,Jets,0,Home
2016,Saints,0,Home
2016,Titans,1,Home
2016,Eagles,1,Home
2016,Chargers,0,Home
2016,Cardinals,1,Home
2016,Steelers,0,Home
2016,Patriots,0,Home
2016,Giants,1,Home
2016,Panthers,1,Home
2016,Vikings,1,Home
2016,Chiefs,0,Home
2016,Giants,1,Home
2016,Colts,1,Home
2016,Cowboys,1,Home
2016,Bengals,0,Home
2016,Lions,1,Home
2016,Browns,0,Home
2016,Rams,0,Home
2016,49ers,0,Home
2016,Seahawks,1,Home
2016,Commanders,1,Home
2016,Raiders,1,Home
2016,Lions,1,Home
2016,Cowboys,1,Home
2016,Colts,0,Home
2016,Texans,0,Home
2016,Ravens,1,Home
2016,Saints,1,Home
2016,Dolphins,1,Home
2016,Falcons,1,Home
2016,Bears,0,Home
2016,Bills,1,Home
2016,Browns,0,Home
2016,Buccaneers,1,Home
2016,Raiders,1,Home
2016,Jets,0,Home
2016,Broncos,0,Home
2016,Eagles,0,Home
2016,Vikings,0,Home
2016,Ravens,1,Home
2016,Saints,0,Home
2016,Patriots,1,Home
2016,Jaguars,0,Home
2016,Bengals,1,Home
2016,Bears,1,Home
2016,Falcons,0,Home
2016,Packers,1,Home
2016,Raiders,1,Home
2016,Cardinals,1,Home
2016,Steelers,1,Home
2016,Chargers,0,Home
2016,Seahawks,1,Home
2016,Jets,0,Home
2016,Chiefs,1,Home
2016,Panthers,1,Home
2016,Eagles,0,Home
2016,Jaguars,0,Home
2016,Colts,0,Home
2016,Dolphins,1,Home
2016,Titans,1,Home
2016,Lions,1,Home
2016,Browns,0,Home
2016,Bills,0,Home
2016,49ers,0,Home
2016,Packers,1,Home
2016,Rams,0,Home
2016,Buccaneers,1,Home
2016,Giants,1,Home
2016,Patriots,1,Home
2016,Seahawks,1,Home
2016,Jets,0,Home
2016,Bills,1,Home
2016,Bears,0,Home
2016,Bengals,0,Home
2016,Chiefs,0,Home
2016,Vikings,0,Home
2016,Giants,1,Home
2016,Ravens,1,Home
2016,Texans,1,Home
2016,Falcons,1,Home
2016,Cardinals,0,Home
2016,Chargers,0,Home
2016,Broncos,0,Home
2016,Cowboys,1,Home
2016,Commanders,0,Home
2016,Eagles,1,Home
2016,Panthers,0,Home
2016,Patriots,1,Home
2016,Packers,1,Home
2016,Jaguars,1,Home
2016,Bears,0,Home
2016,Bills,0,Home
2016,Browns,1,Home
2016,Raiders,1,Home
2016,Rams,0,Home
2016,Saints,1,Home
2016,Seahawks,0,Home
2016,Texans,1,Home
2016,Steelers,1,Home
2016,Chiefs,1,Home
2016,Cowboys,1,Home
2016,Eagles,1,Home
2016,Jets,1,Home
2016,Steelers,1,Home
2016,Buccaneers,1,Home
2016,Dolphins,0,Home
2016,Colts,1,Home
2016,Titans,1,Home
2016,Bengals,1,Home
2016,Vikings,1,Home
2016,49ers,0,Home
2016,Chargers,0,Home
2016,Commanders,0,Home
2016,Broncos,1,Home
2016,Falcons,1,Home
2016,Rams,0,Home
2016,Lions,0,Home
2016,Texans,1,Home
2016,Seahawks,1,Home
2016,Steelers,1,Home
2016,Packers,1,Home
2016,Falcons,1,Home
2016,Patriots,1,Home
2016,Cowboys,0,Home
2016,Chiefs,0,Home
2016,Falcons,1,Home
2016,Patriots,1,Home
2016,Falcons,0,Home
2017,Patriots,0,Home
2017,Commanders,0,Home
2017,Titans,0,Home
2017,Lions,1,Home
2017,Texans,0,Home
2017,Bengals,0,Home
2017,Bears,0,Home
2017,Bills,1,Home
2017,Browns,0,Home
2017,Rams,1,Home
2017,Packers,1,Home
2017,49ers,0,Home
2017,Cowboys,1,Home
2017,Vikings,1,Home
2017,Broncos,1,Home
2017,Bengals,0,Home
2017,Panthers,1,Home
2017,Ravens,1,Home
2017,Buccaneers,1,Home
2017,Jaguars,0,Home
2017,Saints,0,Home
2017,Colts,0,Home
2017,Steelers,1,Home
2017,Chiefs,1,Home
2017,Raiders,1,Home
2017,Chargers,0,Home
2017,Broncos,1,Home
2017,Rams,0,Home
2017,Seahawks,1,Home
2017,Falcons,1,Home
2017,Giants,0,Home
2017,49ers,0,Home
2017,Jaguars,1,Home
2017,Panthers,0,Home
2017,Eagles,1,Home
2017,Jets,1,Home
2017,Patriots,1,Home
2017,Bills,1,Home
2017,Colts,1,Home
2017,Lions,0,Home
2017,Bears,1,Home
2017,Vikings,1,Home
2017,Titans,1,Home
2017,Chargers,0,Home
2017,Packers,1,Home
2017,Commanders,1,Home
2017,Cardinals,0,Home
2017,Packers,1,Home
2017,Dolphins,0,Home
2017,Texans,1,Home
2017,Jets,1,Home
2017,Patriots,0,Home
2017,Ravens,0,Home
2017,Cowboys,0,Home
2017,Browns,0,Home
2017,Falcons,0,Home
2017,Vikings,0,Home
2017,Cardinals,1,Home
2017,Chargers,0,Home
2017,Buccaneers,1,Home
2017,Broncos,1,Home
2017,Seahawks,1,Home
2017,Chiefs,1,Home
2017,Buccaneers,0,Home
2017,Giants,0,Home
2017,Eagles,1,Home
2017,Steelers,0,Home
2017,Dolphins,1,Home
2017,Lions,0,Home
2017,Browns,0,Home
2017,Bengals,1,Home
2017,Colts,1,Home
2017,Raiders,0,Home
2017,Rams,0,Home
2017,Cowboys,0,Home
2017,Texans,0,Home
2017,Bears,0,Home
2017,Panthers,0,Home
2017,Texans,1,Home
2017,Ravens,0,Home
2017,Commanders,1,Home
2017,Falcons,0,Home
2017,Saints,1,Home
2017,Vikings,1,Home
2017,Jets,0,Home
2017,Cardinals,1,Home
2017,Jaguars,0,Home
2017,Chiefs,0,Home
2017,Raiders,0,Home
2017,Broncos,0,Home
2017,Titans,1,Home
2017,Raiders,1,Home
2017,Bills,1,Home
2017,Bears,1,Home
2017,Browns,0,Home
2017,Packers,0,Home
2017,Colts,0,Home
2017,Rams,1,Home
2017,Dolphins,1,Home
2017,Vikings,1,Home
2017,49ers,0,Home
2017,Giants,0,Home
2017,Steelers,1,Home
2017,Chargers,1,Home
2017,Patriots,1,Home
2017,Eagles,1,Home
2017,Ravens,1,Home
2017,Browns,0,Home
2017,Buccaneers,0,Home
2017,Jets,0,Home
2017,Saints,1,Home
2017,Eagles,1,Home
2017,Bengals,1,Home
2017,Bills,1,Home
2017,Patriots,1,Home
2017,Seahawks,1,Home
2017,Commanders,0,Home
2017,Lions,0,Home
2017,Chiefs,1,Home
2017,Jets,1,Home
2017,Texans,0,Home
2017,Jaguars,1,Home
2017,Eagles,1,Home
2017,Panthers,1,Home
2017,Saints,1,Home
2017,Titans,1,Home
2017,Giants,0,Home
2017,49ers,0,Home
2017,Seahawks,0,Home
2017,Cowboys,1,Home
2017,Dolphins,0,Home
2017,Packers,0,Home
2017,Cardinals,0,Home
2017,Jaguars,1,Home
2017,Commanders,0,Home
2017,Buccaneers,1,Home
2017,Colts,0,Home
2017,Lions,1,Home
2017,Bears,0,Home
2017,Bills,0,Home
2017,Titans,1,Home
2017,Rams,1,Home
2017,Falcons,1,Home
2017,49ers,1,Home
2017,Broncos,0,Home
2017,Panthers,1,Home
2017,Steelers,1,Home
2017,Texans,1,Home
2017,Giants,1,Home
2017,Saints,1,Home
2017,Vikings,1,Home
2017,Browns,0,Home
2017,Packers,0,Home
2017,Bears,0,Home
2017,Dolphins,0,Home
2017,Chargers,1,Home
2017,Raiders,0,Home
2017,Broncos,0,Home
2017,Cowboys,0,Home
2017,Seahawks,0,Home
2017,Lions,0,Home
2017,Cowboys,0,Home
2017,Commanders,1,Home
2017,Falcons,1,Home
2017,Bengals,1,Home
2017,Colts,0,Home
2017,Chiefs,0,Home
2017,Patriots,1,Home
2017,Jets,0,Home
2017,Eagles,1,Home
2017,49ers,0,Home
2017,Raiders,1,Home
2017,Rams,1,Home
2017,Cardinals,1,Home
2017,Steelers,1,Home
2017,Ravens,1,Home
2017,Cowboys,1,Home
2017,Ravens,1,Home
2017,Jaguars,1,Home
2017,Jets,1,Home
2017,Dolphins,1,Home
2017,Titans,1,Home
2017,Packers,1,Home
2017,Bears,0,Home
2017,Bills,0,Home
2017,Falcons,0,Home
2017,Chargers,1,Home
2017,Raiders,1,Home
2017,Saints,1,Home
2017,Cardinals,0,Home
2017,Seahawks,1,Home
2017,Bengals,0,Home
2017,Falcons,1,Home
2017,Bills,1,Home
2017,Bengals,0,Home
2017,Browns,0,Home
2017,Chiefs,1,Home
2017,Giants,0,Home
2017,Buccaneers,0,Home
2017,Panthers,1,Home
2017,Texans,0,Home
2017,Broncos,1,Home
2017,Cardinals,1,Home
2017,Chargers,1,Home
2017,Jaguars,1,Home
2017,Rams,0,Home
2017,Steelers,1,Home
2017,Dolphins,1,Home
2017,Colts,0,Home
2017,Lions,1,Home
2017,Chiefs,1,Home
2017,Jaguars,1,Home
2017,Commanders,1,Home
2017,Saints,1,Home
2017,Panthers,1,Home
2017,Browns,0,Home
2017,Bills,1,Home
2017,Vikings,1,Home
2017,Giants,0,Home
2017,Seahawks,0,Home
2017,Steelers,0,Home
2017,49ers,1,Home
2017,Raiders,0,Home
2017,Buccaneers,0,Home
2017,Ravens,1,Home
2017,Packers,0,Home
2017,Commanders,1,Home
2017,Bengals,1,Home
2017,Jets,0,Home
2017,Panthers,1,Home
2017,Saints,1,Home
2017,Bears,1,Home
2017,Chiefs,1,Home
2017,Titans,0,Home
2017,Patriots,1,Home
2017,49ers,1,Home
2017,Cowboys,0,Home
2017,Cardinals,1,Home
2017,Texans,0,Home
2017,Eagles,1,Home
2017,Steelers,1,Home
2017,Lions,1,Home
2017,Colts,1,Home
2017,Vikings,1,Home
2017,Patriots,1,Home
2017,Giants,1,Home
2017,Eagles,0,Home
2017,Seahawks,0,Home
2017,Chargers,1,Home
2017,Ravens,0,Home
2017,Dolphins,0,Home
2017,Buccaneers,1,Home
2017,Titans,1,Home
2017,Broncos,0,Home
2017,Falcons,1,Home
2017,Rams,0,Home
2017,Chiefs,0,Home
2017,Rams,0,Home
2017,Jaguars,1,Home
2017,Saints,1,Home
2017,Eagles,1,Home
2017,Patriots,1,Home
2017,Steelers,0,Home
2017,Vikings,1,Home
2017,Patriots,1,Home
2017,Eagles,1,Home
2017,Patriots,0,Home
2018,Eagles,1,Home
2018,Browns,0,Home
2018,Colts,0,Home
2018,Dolphins,1,Home
2018,Vikings,1,Home
2018,Patriots,1,Home
2018,Saints,0,Home
2018,Giants,0,Home
2018,Ravens,1,Home
2018,Chargers,0,Home
2018,Panthers,1,Home
2018,Cardinals,0,Home
2018,Broncos,1,Home
2018,Packers,1,Home
2018,Lions,0,Home
2018,Raiders,0,Home
2018,Bengals,1,Home
2018,Commanders,0,Home
2018,Steelers,0,Home
2018,Jets,0,Home
2018,Saints,1,Home
2018,Buccaneers,1,Home
2018,Packers,0,Home
2018,Bills,0,Home
2018,Falcons,1,Home
2018,Titans,1,Home
2018,Rams,1,Home
2018,49ers,1,Home
2018,Broncos,1,Home
2018,Jaguars,1,Home
2018,Cowboys,1,Home
2018,Bears,1,Home
2018,Browns,1,Home
2018,Panthers,1,Home
2018,Texans,0,Home
2018,Ravens,1,Home
2018,Jaguars,0,Home
2018,Commanders,1,Home
2018,Falcons,0,Home
2018,Vikings,0,Home
2018,Dolphins,1,Home
2018,Chiefs,1,Home
2018,Eagles,1,Home
2018,Rams,1,Home
2018,Cardinals,0,Home
2018,Seahawks,1,Home
2018,Lions,1,Home
2018,Buccaneers,0,Home
2018,Rams,1,Home
2018,Falcons,0,Home
2018,Bears,1,Home
2018,Cowboys,1,Home
2018,Packers,1,Home
2018,Titans,1,Home
2018,Colts,0,Home
2018,Patriots,1,Home
2018,Jaguars,1,Home
2018,Raiders,1,Home
2018,Cardinals,0,Home
2018,Chargers,1,Home
2018,Giants,0,Home
2018,Steelers,0,Home
2018,Broncos,0,Home
2018,Patriots,1,Home
2018,Panthers,1,Home
2018,Steelers,1,Home
2018,Chiefs,1,Home
2018,Jets,1,Home
2018,Browns,1,Home
2018,Bengals,1,Home
2018,Bills,1,Home
2018,Lions,1,Home
2018,Chargers,1,Home
2018,Eagles,0,Home
2018,49ers,0,Home
2018,Seahawks,0,Home
2018,Texans,1,Home
2018,Saints,1,Home
2018,Giants,0,Home
2018,Commanders,1,Home
2018,Jets,1,Home
2018,Texans,1,Home
2018,Vikings,1,Home
2018,Falcons,1,Home
2018,Raiders,0,Home
2018,Browns,0,Home
2018,Bengals,0,Home
2018,Dolphins,1,Home
2018,Broncos,0,Home
2018,Cowboys,1,Home
2018,Titans,0,Home
2018,Patriots,1,Home
2018,Packers,1,Home
2018,Cardinals,0,Home
2018,Chargers,1,Home
2018,Bears,0,Home
2018,Colts,1,Home
2018,Dolphins,0,Home
2018,Jets,0,Home
2018,Eagles,0,Home
2018,Buccaneers,1,Home
2018,Jaguars,0,Home
2018,Ravens,0,Home
2018,Commanders,1,Home
2018,49ers,0,Home
2018,Chiefs,1,Home
2018,Falcons,1,Home
2018,Texans,1,Home
2018,Jaguars,0,Home
2018,Steelers,1,Home
2018,Panthers,1,Home
2018,Giants,0,Home
2018,Chiefs,1,Home
2018,Lions,0,Home
2018,Bengals,1,Home
2018,Bears,1,Home
2018,Raiders,0,Home
2018,Rams,1,Home
2018,Cardinals,1,Home
2018,Vikings,0,Home
2018,Bills,0,Home
2018,49ers,1,Home
2018,Commanders,0,Home
2018,Panthers,1,Home
2018,Vikings,1,Home
2018,Ravens,0,Home
2018,Browns,0,Home
2018,Bills,0,Home
2018,Dolphins,1,Home
2018,Broncos,0,Home
2018,Seahawks,0,Home
2018,Saints,1,Home
2018,Patriots,1,Home
2018,Cowboys,0,Home
2018,Steelers,1,Home
2018,Buccaneers,0,Home
2018,Jets,0,Home
2018,Chiefs,1,Home
2018,Colts,1,Home
2018,Titans,1,Home
2018,Browns,1,Home
2018,Bengals,0,Home
2018,Bears,1,Home
2018,Raiders,0,Home
2018,Packers,1,Home
2018,Rams,1,Home
2018,Eagles,0,Home
2018,49ers,0,Home
2018,Seahawks,1,Home
2018,Ravens,1,Home
2018,Jaguars,0,Home
2018,Commanders,0,Home
2018,Falcons,0,Home
2018,Colts,1,Home
2018,Lions,1,Home
2018,Giants,1,Home
2018,Cardinals,0,Home
2018,Chargers,0,Home
2018,Saints,1,Home
2018,Bears,1,Home
2018,Rams,1,Home
2018,Lions,0,Home
2018,Cowboys,1,Home
2018,Saints,1,Home
2018,Bills,1,Home
2018,Bengals,0,Home
2018,Jets,0,Home
2018,Eagles,1,Home
2018,Buccaneers,1,Home
2018,Panthers,0,Home
2018,Ravens,1,Home
2018,Chargers,1,Home
2018,Broncos,1,Home
2018,Colts,1,Home
2018,Vikings,1,Home
2018,Texans,1,Home
2018,Cowboys,1,Home
2018,Jaguars,1,Home
2018,Buccaneers,1,Home
2018,Giants,1,Home
2018,Dolphins,1,Home
2018,Texans,1,Home
2018,Lions,0,Home
2018,Bengals,0,Home
2018,Falcons,0,Home
2018,Packers,0,Home
2018,Titans,1,Home
2018,Raiders,0,Home
2018,Patriots,1,Home
2018,Seahawks,1,Home
2018,Steelers,0,Home
2018,Eagles,1,Home
2018,Titans,1,Home
2018,Commanders,0,Home
2018,Texans,0,Home
2018,Buccaneers,0,Home
2018,Dolphins,1,Home
2018,Packers,1,Home
2018,Browns,1,Home
2018,Bills,0,Home
2018,Chiefs,1,Home
2018,Chargers,1,Home
2018,49ers,1,Home
2018,Cardinals,0,Home
2018,Cowboys,1,Home
2018,Raiders,1,Home
2018,Bears,1,Home
2018,Seahawks,1,Home
2018,Chiefs,0,Home
2018,Jets,0,Home
2018,Broncos,0,Home
2018,Giants,0,Home
2018,Vikings,1,Home
2018,Colts,1,Home
2018,Jaguars,0,Home
2018,Bears,1,Home
2018,Bills,1,Home
2018,Falcons,1,Home
2018,Bengals,1,Home
2018,Ravens,1,Home
2018,49ers,1,Home
2018,Steelers,1,Home
2018,Rams,0,Home
2018,Panthers,0,Home
2018,Titans,1,Home
2018,Chargers,0,Home
2018,Panthers,0,Home
2018,Eagles,1,Home
2018,Jets,0,Home
2018,Dolphins,0,Home
2018,Patriots,1,Home
2018,Lions,0,Home
2018,Cowboys,1,Home
2018,Browns,1,Home
2018,Colts,1,Home
2018,Cardinals,0,Home
2018,49ers,0,Home
2018,Saints,1,Home
2018,Seahawks,1,Home
2018,Raiders,1,Home
2018,Buccaneers,0,Home
2018,Texans,1,Home
2018,Giants,0,Home
2018,Saints,0,Home
2018,Patriots,1,Home
2018,Packers,0,Home
2018,Bills,1,Home
2018,Commanders,0,Home
2018,Seahawks,1,Home
2018,Steelers,1,Home
2018,Ravens,1,Home
2018,Rams,1,Home
2018,Chiefs,1,Home
2018,Broncos,0,Home
2018,Vikings,0,Home
2018,Titans,0,Home
2018,Texans,0,Home
2018,Cowboys,1,Home
2018,Ravens,0,Home
2018,Bears,0,Home
2018,Chiefs,1,Home
2018,Rams,1,Home
2018,Patriots,1,Home
2018,Saints,1,Home
2018,Saints,0,Home
2018,Chiefs,0,Home
2018,Rams,0,Home
2019,Bears,0,Home
2019,Browns,0,Home
2019,Dolphins,0,Home
2019,Vikings,1,Home
2019,Jets,0,Home
2019,Eagles,1,Home
2019,Panthers,0,Home
2019,Jaguars,0,Home
2019,Chargers,1,Home
2019,Seahawks,1,Home
2019,Buccaneers,0,Home
2019,Cowboys,1,Home
2019,Cardinals,0,Home
2019,Patriots,1,Home
2019,Saints,1,Home
2019,Raiders,1,Home
2019,Panthers,0,Home
2019,Steelers,0,Home
2019,Texans,1,Home
2019,Ravens,1,Home
2019,Commanders,0,Home
2019,Giants,0,Home
2019,Dolphins,0,Home
2019,Titans,0,Home
2019,Packers,1,Home
2019,Lions,1,Home
2019,Bengals,0,Home
2019,Raiders,0,Home
2019,Broncos,0,Home
2019,Rams,1,Home
2019,Falcons,1,Home
2019,Jets,0,Home
2019,Jaguars,1,Home
2019,Eagles,0,Home
2019,Patriots,1,Home
2019,Vikings,1,Home
2019,Chiefs,1,Home
2019,Bills,1,Home
2019,Packers,1,Home
2019,Cowboys,1,Home
2019,Colts,1,Home
2019,Buccaneers,0,Home
2019,Cardinals,0,Home
2019,49ers,1,Home
2019,Seahawks,0,Home
2019,Chargers,0,Home
2019,Browns,0,Home
2019,Commanders,0,Home
2019,Packers,0,Home
2019,Ravens,0,Home
2019,Giants,1,Home
2019,Dolphins,0,Home
2019,Texans,0,Home
2019,Lions,0,Home
2019,Bills,0,Home
2019,Falcons,0,Home
2019,Colts,0,Home
2019,Rams,0,Home
2019,Cardinals,0,Home
2019,Bears,1,Home
2019,Broncos,0,Home
2019,Saints,1,Home
2019,Steelers,1,Home
2019,Seahawks,1,Home
2019,Steelers,0,Home
2019,Texans,1,Home
2019,Panthers,1,Home
2019,Commanders,0,Home
2019,Giants,0,Home
2019,Saints,1,Home
2019,Raiders,1,Home
2019,Titans,0,Home
2019,Bengals,0,Home
2019,Eagles,1,Home
2019,Chargers,0,Home
2019,Cowboys,0,Home
2019,Chiefs,0,Home
2019,49ers,1,Home
2019,Patriots,1,Home
2019,Buccaneers,0,Home
2019,Browns,0,Home
2019,Chiefs,0,Home
2019,Dolphins,0,Home
2019,Vikings,1,Home
2019,Jaguars,0,Home
2019,Ravens,1,Home
2019,Rams,0,Home
2019,Cardinals,1,Home
2019,Broncos,1,Home
2019,Jets,1,Home
2019,Chargers,0,Home
2019,Packers,1,Home
2019,Broncos,0,Home
2019,Falcons,0,Home
2019,Bills,1,Home
2019,Bengals,0,Home
2019,Lions,0,Home
2019,Packers,1,Home
2019,Colts,1,Home
2019,Giants,0,Home
2019,Commanders,0,Home
2019,Titans,1,Home
2019,Bears,0,Home
2019,Seahawks,0,Home
2019,Cowboys,1,Home
2019,Jets,0,Home
2019,Vikings,1,Home
2019,Saints,1,Home
2019,Rams,1,Home
2019,Colts,1,Home
2019,Titans,1,Home
2019,Jaguars,1,Home
2019,Bears,0,Home
2019,Bills,0,Home
2019,Falcons,0,Home
2019,Lions,1,Home
2019,49ers,1,Home
2019,Patriots,1,Home
2019,Texans,1,Home
2019,Chiefs,0,Home
2019,Steelers,1,Home
2019,Cardinals,0,Home
2019,Jaguars,0,Home
2019,Panthers,1,Home
2019,Steelers,1,Home
2019,Eagles,1,Home
2019,Dolphins,1,Home
2019,Bills,1,Home
2019,Chiefs,1,Home
2019,Raiders,1,Home
2019,Seahawks,1,Home
2019,Broncos,1,Home
2019,Chargers,1,Home
2019,Ravens,1,Home
2019,Giants,0,Home
2019,Raiders,1,Home
2019,Jets,1,Home
2019,Buccaneers,1,Home
2019,Saints,0,Home
2019,Bengals,0,Home
2019,Browns,1,Home
2019,Titans,1,Home
2019,Bears,1,Home
2019,Colts,0,Home
2019,Packers,1,Home
2019,Steelers,1,Home
2019,Cowboys,0,Home
2019,49ers,0,Home
2019,Browns,1,Home
2019,Ravens,1,Home
2019,Panthers,0,Home
2019,Commanders,0,Home
2019,Buccaneers,0,Home
2019,Lions,0,Home
2019,Dolphins,0,Home
2019,Colts,1,Home
2019,Vikings,1,Home
2019,49ers,1,Home
2019,Raiders,1,Home
2019,Eagles,0,Home
2019,Rams,1,Home
2019,Chargers,0,Home
2019,Texans,1,Home
2019,Eagles,0,Home
2019,Jets,1,Home
2019,Saints,1,Home
2019,Browns,1,Home
2019,Commanders,1,Home
2019,Bears,1,Home
2019,Bills,1,Home
2019,Falcons,0,Home
2019,Bengals,0,Home
2019,Titans,1,Home
2019,Patriots,1,Home
2019,49ers,1,Home
2019,Rams,0,Home
2019,Lions,0,Home
2019,Cowboys,0,Home
2019,Falcons,0,Home
2019,Jaguars,0,Home
2019,Ravens,1,Home
2019,Steelers,1,Home
2019,Panthers,0,Home
2019,Dolphins,1,Home
2019,Bengals,1,Home
2019,Giants,0,Home
2019,Colts,0,Home
2019,Cardinals,0,Home
2019,Broncos,1,Home
2019,Chiefs,1,Home
2019,Texans,1,Home
2019,Seahawks,1,Home
2019,Bears,1,Home
2019,Texans,0,Home
2019,Buccaneers,1,Home
2019,Jets,1,Home
2019,Saints,0,Home
2019,Packers,1,Home
2019,Browns,1,Home
2019,Bills,0,Home
2019,Falcons,1,Home
2019,Vikings,1,Home
2019,Jaguars,0,Home
2019,Cardinals,0,Home
2019,Raiders,0,Home
2019,Patriots,0,Home
2019,Rams,1,Home
2019,Eagles,1,Home
2019,Ravens,1,Home
2019,Bengals,0,Home
2019,Lions,0,Home
2019,Packers,1,Home
2019,Titans,0,Home
2019,Chiefs,1,Home
2019,Giants,1,Home
2019,Commanders,0,Home
2019,Panthers,0,Home
2019,Chargers,0,Home
2019,Cardinals,1,Home
2019,Raiders,0,Home
2019,Cowboys,1,Home
2019,49ers,0,Home
2019,Steelers,0,Home
2019,Saints,1,Home
2019,Buccaneers,0,Home
2019,Patriots,1,Home
2019,49ers,1,Home
2019,Jets,1,Home
2019,Dolphins,1,Home
2019,Commanders,0,Home
2019,Titans,0,Home
2019,Browns,0,Home
2019,Falcons,1,Home
2019,Colts,1,Home
2019,Broncos,1,Home
2019,Chargers,0,Home
2019,Eagles,1,Home
2019,Seahawks,0,Home
2019,Bears,0,Home
2019,Vikings,0,Home
2019,Panthers,0,Home
2019,Buccaneers,0,Home
2019,Patriots,0,Home
2019,Vikings,0,Home
2019,Bills,0,Home
2019,Lions,0,Home
2019,Bengals,1,Home
2019,Chiefs,1,Home
2019,Jaguars,1,Home
2019,Texans,0,Home
2019,Giants,0,Home
2019,Ravens,1,Home
2019,Broncos,1,Home
2019,Cowboys,1,Home
2019,Rams,1,Home
2019,Seahawks,0,Home
2019,Texans,1,Home
2019,Patriots,0,Home
2019,Saints,0,Home
2019,Eagles,0,Home
2019,49ers,1,Home
2019,Ravens,0,Home
2019,Chiefs,1,Home
2019,Packers,1,Home
2019,Chiefs,1,Home
2019,49ers,1,Home
2019,Chiefs,1,Home
2020,Chiefs,1,Home
2020,Falcons,0,Home
2020,Bills,1,Home
2020,Lions,0,Home
2020,Vikings,0,Home
2020,Patriots,1,Home
2020,Commanders,1,Home
2020,Panthers,0,Home
2020,Jaguars,1,Home
2020,Ravens,1,Home
2020,Bengals,0,Home
2020,Saints,1,Home
2020,49ers,0,Home
2020,Rams,1,Home
2020,Giants,0,Home
2020,Broncos,0,Home
2020,Browns,1,Home
2020,Buccaneers,1,Home
2020,Steelers,1,Home
2020,Eagles,0,Home
2020,Jets,0,Home
2020,Dolphins,0,Home
2020,Titans,1,Home
2020,Packers,1,Home
2020,Cowboys,1,Home
2020,Bears,1,Home
2020,Colts,1,Home
2020,Cardinals,1,Home
2020,Texans,0,Home
2020,Chargers,0,Home
2020,Seahawks,1,Home
2020,Raiders,1,Home
2020,Jaguars,0,Home
2020,Falcons,0,Home
2020,Bills,1,Home
2020,Browns,1,Home
2020,Vikings,0,Home
2020,Patriots,1,Home
2020,Giants,0,Home
2020,Eagles,0,Home
2020,Steelers,1,Home
2020,Chargers,0,Home
2020,Colts,1,Home
2020,Broncos,0,Home
2020,Cardinals,0,Home
2020,Seahawks,1,Home
2020,Saints,0,Home
2020,Ravens,0,Home
2020,Jets,0,Home
2020,Panthers,1,Home
2020,Commanders,0,Home
2020,Buccaneers,1,Home
2020,Texans,0,Home
2020,Lions,0,Home
2020,Cowboys,0,Home
2020,Bengals,1,Home
2020,Dolphins,0,Home
2020,Rams,1,Home
2020,Bears,0,Home
2020,Raiders,0,Home
2020,49ers,0,Home
2020,Chiefs,1,Home
2020,Packers,1,Home
2020,Bears,1,Home
2020,Texans,1,Home
2020,Ravens,1,Home
2020,Commanders,0,Home
2020,Jets,0,Home
2020,Chiefs,0,Home
2020,Falcons,0,Home
2020,Steelers,1,Home
2020,49ers,0,Home
2020,Browns,1,Home
2020,Cowboys,1,Home
2020,Seahawks,1,Home
2020,Saints,1,Home
2020,Titans,1,Home
2020,Steelers,1,Home
2020,Jaguars,0,Home
2020,Panthers,0,Home
2020,Eagles,0,Home
2020,Titans,1,Home
2020,Patriots,0,Home
2020,Vikings,0,Home
2020,Colts,1,Home
2020,Giants,1,Home
2020,Dolphins,1,Home
2020,Buccaneers,1,Home
2020,49ers,1,Home
2020,Bills,0,Home
2020,Cowboys,0,Home
2020,Eagles,1,Home
2020,Texans,0,Home
2020,Commanders,1,Home
2020,Jets,0,Home
2020,Falcons,0,Home
2020,Titans,0,Home
2020,Bengals,0,Home
2020,Saints,1,Home
2020,Raiders,0,Home
2020,Patriots,0,Home
2020,Broncos,0,Home
2020,Chargers,1,Home
2020,Cardinals,1,Home
2020,Rams,1,Home
2020,Panthers,0,Home
2020,Dolphins,1,Home
2020,Chiefs,1,Home
2020,Packers,0,Home
2020,Ravens,0,Home
2020,Browns,0,Home
2020,Bengals,1,Home
2020,Bills,1,Home
2020,Lions,0,Home
2020,Broncos,1,Home
2020,Bears,0,Home
2020,Seahawks,1,Home
2020,Eagles,1,Home
2020,Giants,0,Home
2020,49ers,0,Home
2020,Vikings,1,Home
2020,Commanders,0,Home
2020,Chiefs,1,Home
2020,Jaguars,0,Home
2020,Titans,1,Home
2020,Bills,1,Home
2020,Falcons,1,Home
2020,Colts,0,Home
2020,Chargers,0,Home
2020,Cowboys,0,Home
2020,Cardinals,0,Home
2020,Buccaneers,0,Home
2020,Jets,0,Home
2020,Titans,0,Home
2020,Panthers,0,Home
2020,Packers,1,Home
2020,Giants,1,Home
2020,Browns,1,Home
2020,Lions,1,Home
2020,Raiders,1,Home
2020,Dolphins,1,Home
2020,Cardinals,1,Home
2020,Rams,1,Home
2020,Saints,1,Home
2020,Steelers,1,Home
2020,Patriots,1,Home
2020,Bears,0,Home
2020,Seahawks,1,Home
2020,Ravens,0,Home
2020,Texans,1,Home
2020,Jaguars,0,Home
2020,Saints,1,Home
2020,Commanders,1,Home
2020,Panthers,1,Home
2020,Browns,1,Home
2020,Broncos,1,Home
2020,Chargers,1,Home
2020,Colts,1,Home
2020,Vikings,0,Home
2020,Raiders,0,Home
2020,Buccaneers,0,Home
2020,Lions,0,Home
2020,Cowboys,0,Home
2020,Falcons,1,Home
2020,Bills,1,Home
2020,Bengals,0,Home
2020,Colts,0,Home
2020,Vikings,1,Home
2020,Patriots,1,Home
2020,Jets,0,Home
2020,Jaguars,0,Home
2020,Broncos,0,Home
2020,Rams,0,Home
2020,Buccaneers,0,Home
2020,Packers,1,Home
2020,Eagles,0,Home
2020,Steelers,1,Home
2020,Falcons,0,Home
2020,Bears,0,Home
2020,Titans,0,Home
2020,Dolphins,1,Home
2020,Vikings,1,Home
2020,Jets,0,Home
2020,Texans,0,Home
2020,Seahawks,0,Home
2020,Cardinals,0,Home
2020,Packers,1,Home
2020,Chargers,0,Home
2020,Chiefs,1,Home
2020,Steelers,0,Home
2020,49ers,0,Home
2020,Ravens,1,Home
2020,Rams,1,Home
2020,Jaguars,0,Home
2020,Panthers,0,Home
2020,Buccaneers,1,Home
2020,Dolphins,0,Home
2020,Giants,0,Home
2020,Bengals,0,Home
2020,Bears,1,Home
2020,Raiders,0,Home
2020,Seahawks,1,Home
2020,Lions,0,Home
2020,Eagles,1,Home
2020,Chargers,1,Home
2020,49ers,0,Home
2020,Bills,1,Home
2020,Browns,0,Home
2020,Raiders,0,Home
2020,Broncos,0,Home
2020,Packers,1,Home
2020,Falcons,0,Home
2020,Cowboys,1,Home
2020,Titans,1,Home
2020,Colts,1,Home
2020,Dolphins,1,Home
2020,Vikings,0,Home
2020,Commanders,0,Home
2020,Ravens,1,Home
2020,Cardinals,1,Home
2020,Rams,0,Home
2020,Saints,0,Home
2020,Giants,0,Home
2020,Bengals,1,Home
2020,Saints,1,Home
2020,Lions,0,Home
2020,Cardinals,0,Home
2020,Raiders,0,Home
2020,Jaguars,0,Home
2020,Texans,0,Home
2020,Ravens,1,Home
2020,Steelers,1,Home
2020,Jets,1,Home
2020,Chiefs,1,Home
2020,Chargers,1,Home
2020,Commanders,0,Home
2020,Cowboys,1,Home
2020,Seahawks,1,Home
2020,Packers,1,Home
2020,Patriots,0,Home
2020,Giants,1,Home
2020,Patriots,1,Home
2020,Buccaneers,1,Home
2020,Lions,0,Home
2020,Bengals,0,Home
2020,Browns,1,Home
2020,Bills,1,Home
2020,Panthers,0,Home
2020,49ers,0,Home
2020,Rams,1,Home
2020,Texans,0,Home
2020,Colts,1,Home
2020,Broncos,0,Home
2020,Bears,0,Home
2020,Chiefs,0,Home
2020,Eagles,0,Home
2020,Bills,1,Home
2020,Seahawks,0,Home
2020,Commanders,0,Home
2020,Titans,0,Home
2020,Saints,1,Home
2020,Steelers,0,Home
2020,Packers,1,Home
2020,Bills,1,Home
2020,Chiefs,1,Home
2020,Saints,0,Home
2020,Packers,0,Home
2020,Chiefs,1,Home
2020,Buccaneers,1,Home
2021,Buccaneers,1,Home
2021,Texans,1,Home
2021,Panthers,1,Home
2021,Commanders,0,Home
2021,Titans,0,Home
2021,Colts,0,Home
2021,Bengals,1,Home
2021,Bills,0,Home
2021,Falcons,0,Home
2021,Lions,0,Home
2021,Chiefs,1,Home
2021,Patriots,0,Home
2021,Saints,1,Home
2021,Giants,0,Home
2021,Rams,1,Home
2021,Raiders,1,Home
2021,Commanders,1,Home
2021,Panthers,1,Home
2021,Colts,0,Home
2021,Steelers,0,Home
2021,Jaguars,0,Home
2021,Eagles,0,Home
2021,Browns,1,Home
2021,Dolphins,0,Home
2021,Jets,0,Home
2021,Bears,1,Home
2021,Cardinals,1,Home
2021,Buccaneers,1,Home
2021,Chargers,0,Home
2021,Seahawks,0,Home
2021,Ravens,1,Home
2021,Packers,1,Home
2021,Texans,0,Home
2021,Bills,1,Home
2021,Browns,1,Home
2021,Lions,0,Home
2021,Titans,1,Home
2021,Chiefs,0,Home
2021,Patriots,0,Home
2021,Giants,0,Home
2021,Steelers,0,Home
2021,Jaguars,0,Home
2021,Raiders,1,Home
2021,Broncos,1,Home
2021,Rams,1,Home
2021,Vikings,1,Home
2021,49ers,0,Home
2021,Cowboys,1,Home
2021,Bengals,1,Home
2021,Dolphins,0,Home
2021,Eagles,0,Home
2021,Jets,1,Home
2021,Saints,0,Home
2021,Vikings,0,Home
2021,Cowboys,1,Home
2021,Bears,1,Home
2021,Bills,1,Home
2021,Falcons,0,Home
2021,Rams,0,Home
2021,49ers,0,Home
2021,Broncos,0,Home
2021,Packers,1,Home
2021,Patriots,0,Home
2021,Chargers,1,Home
2021,Seahawks,0,Home
2021,Falcons,1,Home
2021,Bengals,0,Home
2021,Vikings,1,Home
2021,Steelers,1,Home
2021,Buccaneers,1,Home
2021,Commanders,0,Home
2021,Panthers,0,Home
2021,Jaguars,0,Home
2021,Texans,0,Home
2021,Chargers,1,Home
2021,Raiders,0,Home
2021,Cowboys,1,Home
2021,Cardinals,1,Home
2021,Chiefs,0,Home
2021,Ravens,1,Home
2021,Eagles,0,Home
2021,Jaguars,1,Home
2021,Commanders,0,Home
2021,Ravens,1,Home
2021,Giants,0,Home
2021,Panthers,0,Home
2021,Lions,0,Home
2021,Bears,0,Home
2021,Colts,1,Home
2021,Browns,0,Home
2021,Broncos,0,Home
2021,Patriots,0,Home
2021,Steelers,1,Home
2021,Titans,1,Home
2021,Browns,1,Home
2021,Ravens,0,Home
2021,Giants,1,Home
2021,Patriots,1,Home
2021,Dolphins,0,Home
2021,Packers,1,Home
2021,Titans,1,Home
2021,Raiders,1,Home
2021,Rams,1,Home
2021,Cardinals,1,Home
2021,Buccaneers,1,Home
2021,49ers,0,Home
2021,Seahawks,0,Home
2021,Cardinals,0,Home
2021,Jets,1,Home
2021,Colts,0,Home
2021,Texans,0,Home
2021,Lions,0,Home
2021,Browns,0,Home
2021,Bears,0,Home
2021,Bills,1,Home
2021,Falcons,0,Home
2021,Chargers,0,Home
2021,Seahawks,1,Home
2021,Broncos,1,Home
2021,Saints,1,Home
2021,Vikings,0,Home
2021,Chiefs,1,Home
2021,Colts,1,Home
2021,Bengals,0,Home
2021,Cowboys,0,Home
2021,Dolphins,1,Home
2021,Saints,0,Home
2021,Giants,1,Home
2021,Panthers,0,Home
2021,Jaguars,1,Home
2021,Ravens,1,Home
2021,Eagles,0,Home
2021,49ers,0,Home
2021,Chiefs,1,Home
2021,Rams,0,Home
2021,Steelers,1,Home
2021,Dolphins,1,Home
2021,Commanders,1,Home
2021,Jets,0,Home
2021,Patriots,1,Home
2021,Steelers,0,Home
2021,Titans,1,Home
2021,Cowboys,1,Home
2021,Colts,1,Home
2021,Cardinals,0,Home
2021,Chargers,0,Home
2021,Broncos,0,Home
2021,Packers,1,Home
2021,Raiders,0,Home
2021,49ers,1,Home
2021,Falcons,0,Home
2021,Eagles,1,Home
2021,Jets,0,Home
2021,Jaguars,0,Home
2021,Vikings,1,Home
2021,Panthers,0,Home
2021,Browns,1,Home
2021,Bears,0,Home
2021,Titans,0,Home
2021,Bills,0,Home
2021,Raiders,0,Home
2021,Chiefs,1,Home
2021,Seahawks,0,Home
2021,Chargers,1,Home
2021,Buccaneers,1,Home
2021,Lions,0,Home
2021,Cowboys,0,Home
2021,Saints,0,Home
2021,Bengals,1,Home
2021,Colts,0,Home
2021,Dolphins,1,Home
2021,Patriots,1,Home
2021,Giants,1,Home
2021,Jaguars,0,Home
2021,Texans,0,Home
2021,Broncos,1,Home
2021,Packers,1,Home
2021,49ers,1,Home
2021,Ravens,1,Home
2021,Commanders,1,Home
2021,Saints,0,Home
2021,Falcons,0,Home
2021,Bears,0,Home
2021,Bengals,0,Home
2021,Lions,1,Home
2021,Dolphins,1,Home
2021,Jets,0,Home
2021,Texans,0,Home
2021,Raiders,0,Home
2021,Rams,1,Home
2021,Steelers,1,Home
2021,Seahawks,1,Home
2021,Chiefs,1,Home
2021,Bills,0,Home
2021,Vikings,1,Home
2021,Browns,1,Home
2021,Titans,1,Home
2021,Chiefs,1,Home
2021,Jets,0,Home
2021,Commanders,0,Home
2021,Panthers,0,Home
2021,Texans,0,Home
2021,Broncos,1,Home
2021,Chargers,1,Home
2021,Buccaneers,1,Home
2021,Bengals,0,Home
2021,Packers,1,Home
2021,Cardinals,0,Home
2021,Chargers,0,Home
2021,Colts,1,Home
2021,Bills,1,Home
2021,Lions,1,Home
2021,Dolphins,1,Home
2021,Giants,0,Home
2021,Steelers,1,Home
2021,Jaguars,0,Home
2021,Broncos,0,Home
2021,49ers,1,Home
2021,Ravens,0,Home
2021,Buccaneers,0,Home
2021,Browns,0,Home
2021,Bears,0,Home
2021,Rams,1,Home
2021,Eagles,1,Home
2021,Titans,1,Home
2021,Packers,1,Home
2021,Cardinals,0,Home
2021,Texans,1,Home
2021,Panthers,0,Home
2021,Eagles,1,Home
2021,Jets,1,Home
2021,Falcons,1,Home
2021,Vikings,0,Home
2021,Bengals,1,Home
2021,Patriots,0,Home
2021,Seahawks,0,Home
2021,Chiefs,1,Home
2021,Raiders,1,Home
2021,Cowboys,1,Home
2021,Saints,0,Home
2021,Jets,0,Home
2021,Patriots,1,Home
2021,Colts,0,Home
2021,Bills,1,Home
2021,Bengals,1,Home
2021,Bears,1,Home
2021,Commanders,0,Home
2021,Titans,1,Home
2021,Ravens,0,Home
2021,49ers,1,Home
2021,Chargers,1,Home
2021,Cowboys,0,Home
2021,Saints,1,Home
2021,Seahawks,1,Home
2021,Packers,1,Home
2021,Steelers,1,Home
2021,Broncos,0,Home
2021,Eagles,0,Home
2021,Vikings,1,Home
2021,Texans,0,Home
2021,Ravens,0,Home
2021,Jaguars,1,Home
2021,Browns,1,Home
2021,Lions,1,Home
2021,Giants,0,Home
2021,Dolphins,1,Home
2021,Rams,0,Home
2021,Cardinals,0,Home
2021,Falcons,0,Home
2021,Buccaneers,1,Home
2021,Bills,1,Home
2021,Raiders,1,Home
2021,Bengals,1,Home
2021,Bills,1,Home
2021,Buccaneers,1,Home
2021,Cowboys,0,Home
2021,Chiefs,1,Home
2021,Rams,1,Home
2021,Titans,0,Home
2021,Packers,0,Home
2021,Buccaneers,0,Home
2021,Chiefs,1,Home
2021,Chiefs,0,Home
2021,Rams,1,Home
2021,Bengals,0,Home
2022,Rams,0,Home
2022,Panthers,0,Home
2022,Commanders,1,Home
2022,Jets,0,Home
2022,Dolphins,1,Home
2022,Texans,0,Home
2022,Bengals,0,Home
2022,Bears,1,Home
2022,Falcons,0,Home
2022,Lions,0,Home
2022,Cardinals,0,Home
2022,Chargers,1,Home
2022,Titans,0,Home
2022,Vikings,1,Home
2022,Cowboys,0,Home
2022,Seahawks,1,Home
2022,Chiefs,1,Home
2022,Ravens,0,Home
2022,Jaguars,1,Home
2022,Giants,1,Home
2022,Steelers,0,Home
2022,Lions,1,Home
2022,Browns,0,Home
2022,Saints,0,Home
2022,Rams,1,Home
2022,49ers,1,Home
2022,Cowboys,1,Home
2022,Broncos,1,Home
2022,Raiders,0,Home
2022,Packers,1,Home
2022,Bills,1,Home
2022,Eagles,1,Home
2022,Browns,1,Home
2022,Bears,1,Home
2022,Titans,1,Home
2022,Colts,1,Home
2022,Dolphins,1,Home
2022,Vikings,1,Home
2022,Patriots,0,Home
2022,Jets,0,Home
2022,Commanders,0,Home
2022,Panthers,1,Home
2022,Chargers,0,Home
2022,Buccaneers,0,Home
2022,Cardinals,0,Home
2022,Seahawks,0,Home
2022,Broncos,1,Home
2022,Giants,0,Home
2022,Bengals,1,Home
2022,Saints,0,Home
2022,Eagles,1,Home
2022,Texans,0,Home
2022,Steelers,0,Home
2022,Giants,1,Home
2022,Ravens,0,Home
2022,Lions,0,Home
2022,Cowboys,1,Home
2022,Colts,0,Home
2022,Falcons,1,Home
2022,Panthers,0,Home
2022,Packers,1,Home
2022,Raiders,1,Home
2022,Buccaneers,0,Home
2022,49ers,1,Home
2022,Broncos,0,Home
2022,Packers,0,Home
2022,Jaguars,0,Home
2022,Commanders,0,Home
2022,Buccaneers,1,Home
2022,Jets,1,Home
2022,Bills,1,Home
2022,Patriots,1,Home
2022,Vikings,1,Home
2022,Browns,0,Home
2022,Saints,1,Home
2022,Panthers,0,Home
2022,Cardinals,0,Home
2022,Rams,0,Home
2022,Ravens,1,Home
2022,Chiefs,1,Home
2022,Bears,0,Home
2022,Falcons,1,Home
2022,Browns,0,Home
2022,Packers,0,Home
2022,Colts,1,Home
2022,Dolphins,0,Home
2022,Saints,0,Home
2022,Giants,1,Home
2022,Steelers,1,Home
2022,Rams,1,Home
2022,Seahawks,1,Home
2022,Chiefs,0,Home
2022,Eagles,1,Home
2022,Chargers,1,Home
2022,Cardinals,1,Home
2022,Bengals,1,Home
2022,Cowboys,1,Home
2022,Titans,1,Home
2022,Commanders,1,Home
2022,Panthers,1,Home
2022,Jaguars,0,Home
2022,Ravens,1,Home
2022,Broncos,0,Home
2022,Raiders,1,Home
2022,49ers,0,Home
2022,Chargers,0,Home
2022,Dolphins,1,Home
2022,Patriots,0,Home
2022,Buccaneers,0,Home
2022,Jaguars,0,Home
2022,Eagles,1,Home
2022,Jets,0,Home
2022,Vikings,1,Home
2022,Saints,1,Home
2022,Cowboys,1,Home
2022,Falcons,1,Home
2022,Lions,0,Home
2022,Texans,0,Home
2022,Colts,0,Home
2022,Rams,0,Home
2022,Seahawks,1,Home
2022,Bills,1,Home
2022,Browns,1,Home
2022,Texans,0,Home
2022,Commanders,0,Home
2022,Jets,1,Home
2022,Jaguars,1,Home
2022,Patriots,1,Home
2022,Lions,1,Home
2022,Bengals,1,Home
2022,Bears,0,Home
2022,Falcons,0,Home
2022,Cardinals,0,Home
2022,Buccaneers,1,Home
2022,Chiefs,1,Home
2022,Saints,0,Home
2022,Panthers,1,Home
2022,Buccaneers,1,Home
2022,Steelers,1,Home
2022,Giants,1,Home
2022,Dolphins,1,Home
2022,Bears,0,Home
2022,Titans,1,Home
2022,Bills,0,Home
2022,Chiefs,1,Home
2022,Raiders,0,Home
2022,Packers,1,Home
2022,Rams,0,Home
2022,49ers,1,Home
2022,Eagles,0,Home
2022,Packers,0,Home
2022,Giants,0,Home
2022,Ravens,1,Home
2022,Texans,0,Home
2022,Saints,1,Home
2022,Falcons,1,Home
2022,Colts,0,Home
2022,Bills,1,Home
2022,Patriots,1,Home
2022,Broncos,0,Home
2022,Vikings,0,Home
2022,Steelers,0,Home
2022,Chargers,0,Home
2022,Cardinals,0,Home
2022,Lions,0,Home
2022,Cowboys,1,Home
2022,Vikings,1,Home
2022,Browns,1,Home
2022,Titans,0,Home
2022,Dolphins,1,Home
2022,Jets,1,Home
2022,Commanders,1,Home
2022,Panthers,1,Home
2022,Jaguars,1,Home
2022,Seahawks,0,Home
2022,Cardinals,0,Home
2022,Chiefs,1,Home
2022,49ers,1,Home
2022,Eagles,1,Home
2022,Colts,0,Home
2022,Patriots,0,Home
2022,Giants,0,Home
2022,Texans,0,Home
2022,Ravens,1,Home
2022,Eagles,1,Home
2022,Vikings,1,Home
2022,Lions,1,Home
2022,Bears,0,Home
2022,Falcons,0,Home
2022,Rams,0,Home
2022,49ers,1,Home
2022,Bengals,1,Home
2022,Raiders,1,Home
2022,Cowboys,1,Home
2022,Buccaneers,1,Home
2022,Rams,1,Home
2022,Giants,0,Home
2022,Steelers,0,Home
2022,Titans,0,Home
2022,Bengals,1,Home
2022,Cowboys,1,Home
2022,Lions,1,Home
2022,Bills,1,Home
2022,Broncos,0,Home
2022,49ers,1,Home
2022,Seahawks,0,Home
2022,Chargers,1,Home
2022,Cardinals,0,Home
2022,Seahawks,0,Home
2022,Vikings,1,Home
2022,Browns,1,Home
2022,Bills,1,Home
2022,Bears,0,Home
2022,Saints,1,Home
2022,Jets,0,Home
2022,Panthers,0,Home
2022,Jaguars,1,Home
2022,Texans,0,Home
2022,Broncos,1,Home
2022,Raiders,1,Home
2022,Chargers,1,Home
2022,Buccaneers,0,Home
2022,Commanders,0,Home
2022,Packers,1,Home
2022,Jets,0,Home
2022,Bears,0,Home
2022,Browns,0,Home
2022,Chiefs,1,Home
2022,Vikings,1,Home
2022,Patriots,0,Home
2022,Panthers,1,Home
2022,Ravens,1,Home
2022,Titans,0,Home
2022,49ers,1,Home
2022,Cowboys,1,Home
2022,Steelers,1,Home
2022,Dolphins,0,Home
2022,Rams,1,Home
2022,Cardinals,0,Home
2022,Colts,0,Home
2022,Titans,0,Home
2022,Texans,0,Home
2022,Commanders,0,Home
2022,Buccaneers,1,Home
2022,Eagles,0,Home
2022,Chiefs,1,Home
2022,Patriots,1,Home
2022,Falcons,1,Home
2022,Giants,1,Home
2022,Lions,1,Home
2022,Raiders,0,Home
2022,Seahawks,1,Home
2022,Packers,1,Home
2022,Chargers,1,Home
2022,Ravens,0,Home
2022,Raiders,0,Home
2022,Jaguars,1,Home
2022,Steelers,1,Home
2022,Saints,0,Home
2022,Dolphins,1,Home
2022,Colts,0,Home
2022,Falcons,1,Home
2022,Bears,0,Home
2022,Bills,1,Home
2022,Bengals,1,Home
2022,Seahawks,1,Home
2022,Commanders,1,Home
2022,Eagles,1,Home
2022,Broncos,1,Home
2022,49ers,1,Home
2022,Packers,0,Home
2022,49ers,1,Home
2022,Jaguars,1,Home
2022,Bills,1,Home
2022,Vikings,0,Home
2022,Bengals,1,Home
2022,Buccaneers,0,Home
2022,Chiefs,1,Home
2022,Eagles,1,Home
2022,Bills,0,Home
2022,49ers,1,Home
2022,Eagles,1,Home
2022,Chiefs,1,Home
2022,Eagles,0,Home
2023,Chiefs,0,Home
2023,Falcons,1,Home
2023,Browns,1,Home
2023,Colts,0,Home
2023,Vikings,0,Home
2023,Saints,1,Home
2023,Steelers,0,Home
2023,Commanders,1,Home
2023,Ravens,1,Home
2023,Seahawks,0,Home
2023,Chargers,0,Home
2023,Broncos,0,Home
2023,Bears,0,Home
2023,Patriots,0,Home
2023,Giants,0,Home
2023,Jets,1,Home
2023,Eagles,1,Home
2023,Buccaneers,1,Home
2023,Texans,0,Home
2023,Jaguars,0,Home
2023,Titans,1,Home
2023,Bills,1,Home
2023,Bengals,0,Home
2023,Falcons,1,Home
2023,Lions,0,Home
2023,Rams,0,Home
2023,Cardinals,0,Home
2023,Cowboys,1,Home
2023,Broncos,0,Home
2023,Patriots,0,Home
2023,Panthers,0,Home
2023,Steelers,1,Home
2023,49ers,1,Home
2023,Commanders,0,Home
2023,Ravens,0,Home
2023,Jaguars,0,Home
2023,Jets,0,Home
2023,Browns,1,Home
2023,Dolphins,1,Home
2023,Packers,1,Home
2023,Lions,1,Home
2023,Vikings,0,Home
2023,Seahawks,1,Home
2023,Chiefs,1,Home
2023,Cardinals,1,Home
2023,Raiders,0,Home
2023,Buccaneers,0,Home
2023,Bengals,1,Home
2023,Packers,0,Home
2023,Jaguars,1,Home
2023,Texans,1,Home
2023,Panthers,0,Home
2023,Eagles,1,Home
2023,Saints,0,Home
2023,Browns,0,Home
2023,Titans,1,Home
2023,Bears,0,Home
2023,Bills,1,Home
2023,Colts,0,Home
2023,Chargers,1,Home
2023,Cowboys,1,Home
2023,49ers,1,Home
2023,Jets,0,Home
2023,Giants,0,Home
2023,Commanders,0,Home
2023,Bills,0,Home
2023,Steelers,1,Home
2023,Patriots,0,Home
2023,Dolphins,1,Home
2023,Colts,1,Home
2023,Lions,1,Home
2023,Falcons,1,Home
2023,Rams,0,Home
2023,Cardinals,0,Home
2023,Broncos,0,Home
2023,Vikings,0,Home
2023,49ers,1,Home
2023,Raiders,1,Home
2023,Chiefs,1,Home
2023,Titans,0,Home
2023,Jaguars,1,Home
2023,Dolphins,1,Home
2023,Browns,1,Home
2023,Texans,1,Home
2023,Bears,0,Home
2023,Falcons,0,Home
2023,Bengals,1,Home
2023,Raiders,1,Home
2023,Rams,1,Home
2023,Jets,1,Home
2023,Buccaneers,0,Home
2023,Bills,1,Home
2023,Chargers,0,Home
2023,Saints,0,Home
2023,Bears,1,Home
2023,Colts,0,Home
2023,Patriots,1,Home
2023,Giants,1,Home
2023,Buccaneers,0,Home
2023,Ravens,1,Home
2023,Rams,0,Home
2023,Seahawks,1,Home
2023,Broncos,1,Home
2023,Chiefs,1,Home
2023,Eagles,1,Home
2023,Vikings,1,Home
2023,Bills,1,Home
2023,Cowboys,1,Home
2023,Packers,0,Home
2023,Titans,1,Home
2023,Colts,0,Home
2023,Dolphins,1,Home
2023,Giants,0,Home
2023,Steelers,0,Home
2023,Commanders,0,Home
2023,Panthers,1,Home
2023,Seahawks,1,Home
2023,Broncos,1,Home
2023,Cardinals,0,Home
2023,49ers,0,Home
2023,Chargers,1,Home
2023,Lions,1,Home
2023,Steelers,1,Home
2023,Chiefs,1,Home
2023,Falcons,0,Home
2023,Browns,1,Home
2023,Packers,1,Home
2023,Patriots,0,Home
2023,Saints,1,Home
2023,Ravens,1,Home
2023,Texans,1,Home
2023,Panthers,0,Home
2023,Raiders,1,Home
2023,Eagles,1,Home
2023,Bengals,1,Home
2023,Jets,0,Home
2023,Bears,1,Home
2023,Patriots,0,Home
2023,Ravens,0,Home
2023,Buccaneers,1,Home
2023,Jaguars,0,Home
2023,Vikings,1,Home
2023,Steelers,1,Home
2023,Bengals,0,Home
2023,Cardinals,1,Home
2023,Chargers,0,Home
2023,Cowboys,1,Home
2023,Seahawks,1,Home
2023,Raiders,1,Home
2023,Bills,0,Home
2023,Ravens,1,Home
2023,Jaguars,1,Home
2023,Panthers,0,Home
2023,Commanders,0,Home
2023,Texans,1,Home
2023,Packers,1,Home
2023,Lions,1,Home
2023,Browns,1,Home
2023,Dolphins,1,Home
2023,49ers,1,Home
2023,Bills,1,Home
2023,Rams,1,Home
2023,Broncos,1,Home
2023,Chiefs,0,Home
2023,Lions,0,Home
2023,Cowboys,1,Home
2023,Seahawks,0,Home
2023,Jets,0,Home
2023,Falcons,1,Home
2023,Bengals,0,Home
2023,Titans,1,Home
2023,Colts,1,Home
2023,Giants,1,Home
2023,Texans,0,Home
2023,Broncos,1,Home
2023,Cardinals,0,Home
2023,Eagles,1,Home
2023,Raiders,0,Home
2023,Chargers,0,Home
2023,Vikings,0,Home
2023,Cowboys,1,Home
2023,Texans,1,Home
2023,Commanders,0,Home
2023,Jets,0,Home
2023,Steelers,0,Home
2023,Patriots,0,Home
2023,Titans,0,Home
2023,Saints,0,Home
2023,Buccaneers,1,Home
2023,Rams,1,Home
2023,Eagles,0,Home
2023,Packers,1,Home
2023,Jaguars,0,Home
2023,Steelers,0,Home
2023,Bears,1,Home
2023,Jets,1,Home
2023,Ravens,1,Home
2023,Saints,1,Home
2023,Falcons,0,Home
2023,Bengals,1,Home
2023,Browns,1,Home
2023,Raiders,0,Home
2023,49ers,1,Home
2023,Chiefs,0,Home
2023,Chargers,0,Home
2023,Cowboys,1,Home
2023,Dolphins,0,Home
2023,Giants,1,Home
2023,Raiders,1,Home
2023,Bengals,1,Home
2023,Colts,1,Home
2023,Lions,1,Home
2023,Saints,1,Home
2023,Panthers,1,Home
2023,Patriots,0,Home
2023,Browns,1,Home
2023,Titans,0,Home
2023,Packers,0,Home
2023,Dolphins,1,Home
2023,Rams,1,Home
2023,Cardinals,0,Home
2023,Bills,1,Home
2023,Jaguars,0,Home
2023,Seahawks,1,Home
2023,Rams,1,Home
2023,Steelers,1,Home
2023,Chargers,0,Home
2023,Texans,0,Home
2023,Panthers,0,Home
2023,Jets,1,Home
2023,Titans,0,Home
2023,Falcons,1,Home
2023,Vikings,0,Home
2023,Buccaneers,1,Home
2023,Bears,1,Home
2023,Dolphins,1,Home
2023,Broncos,0,Home
2023,Chiefs,0,Home
2023,Eagles,1,Home
2023,49ers,0,Home
2023,Browns,1,Home
2023,Cowboys,1,Home
2023,Commanders,0,Home
2023,Texans,1,Home
2023,Jaguars,1,Home
2023,Buccaneers,0,Home
2023,Ravens,1,Home
2023,Giants,0,Home
2023,Colts,1,Home
2023,Bears,1,Home
2023,Bills,1,Home
2023,Eagles,0,Home
2023,Seahawks,0,Home
2023,Broncos,1,Home
2023,Chiefs,1,Home
2023,Vikings,0,Home
2023,Ravens,0,Home
2023,Colts,0,Home
2023,Bengals,1,Home
2023,Lions,1,Home
2023,Titans,1,Home
2023,Patriots,0,Home
2023,Saints,1,Home
2023,Panthers,0,Home
2023,49ers,0,Home
2023,Commanders,0,Home
2023,Chargers,0,Home
2023,Raiders,1,Home
2023,Giants,1,Home
2023,Packers,1,Home
2023,Cardinals,0,Home
2023,Dolphins,0,Home
2023,Texans,1,Home
2023,Chiefs,1,Home
2023,Cowboys,0,Home
2023,Lions,1,Home
2023,Bills,1,Home
2023,Buccaneers,1,Home
2023,Ravens,1,Home
2023,49ers,1,Home
2023,Lions,1,Home
2023,Bills,0,Home
2023,Ravens,0,Home
2023,49ers,1,Home
2023,Chiefs,1,Home
2024,Chiefs,1,Home
2024,Eagles,1,Home
2024,Falcons,0,Home
2024,Bills,1,Home
2024,Bears,1,Home
2024,Bengals,0,Home
2024,Colts,0,Home
2024,Dolphins,1,Home
2024,Saints,1,Home
2024,Giants,0,Home
2024,Chargers,1,Home
2024,Seahawks,1,Home
2024,Browns,0,Home
2024,Buccaneers,1,Home
2024,Lions,1,Home
2024,49ers,1,Home
2024,Dolphins,0,Home
2024,Jaguars,0,Home
2024,Panthers,0,Home
2024,Vikings,1,Home
2024,Ravens,0,Home
2024,Cowboys,0,Home
2024,Patriots,0,Home
2024,Commanders,1,Home
2024,Lions,0,Home
2024,Titans,0,Home
2024,Packers,1,Home
2024,Cardinals,1,Home
2024,Broncos,0,Home
2024,Chiefs,1,Home
2024,Texans,1,Home
2024,Eagles,0,Home
2024,Jets,1,Home
2024,Browns,0,Home
2024,Titans,0,Home
2024,Colts,1,Home
2024,Vikings,1,Home
2024,Saints,0,Home
2024,Steelers,1,Home
2024,Buccaneers,0,Home
2024,Raiders,0,Home
2024,Seahawks,1,Home
2024,Cowboys,0,Home
2024,Rams,1,Home
2024,Cardinals,0,Home
2024,Falcons,0,Home
2024,Bills,1,Home
2024,Bengals,0,Home
2024,Giants,0,Home
2024,Falcons,1,Home
2024,Bears,1,Home
2024,Packers,0,Home
2024,Colts,1,Home
2024,Jets,0,Home
2024,Buccaneers,1,Home
2024,Panthers,0,Home
2024,Texans,1,Home
2024,Cardinals,0,Home
2024,49ers,1,Home
2024,Raiders,1,Home
2024,Chargers,0,Home
2024,Ravens,1,Home
2024,Dolphins,0,Home
2024,Lions,1,Home
2024,Falcons,1,Home
2024,Vikings,1,Home
2024,Bears,1,Home
2024,Bengals,0,Home
2024,Patriots,0,Home
2024,Commanders,1,Home
2024,Jaguars,1,Home
2024,Texans,1,Home
2024,Broncos,1,Home
2024,49ers,0,Home
2024,Rams,0,Home
2024,Seahawks,0,Home
2024,Steelers,0,Home
2024,Chiefs,1,Home
2024,Seahawks,0,Home
2024,Bears,1,Home
2024,Packers,1,Home
2024,Titans,0,Home
2024,Patriots,0,Home
2024,Saints,0,Home
2024,Eagles,1,Home
2024,Ravens,1,Home
2024,Broncos,0,Home
2024,Raiders,0,Home
2024,Cowboys,0,Home
2024,Panthers,0,Home
2024,Giants,0,Home
2024,Jets,0,Home
2024,Saints,0,Home
2024,Jaguars,1,Home
2024,Falcons,0,Home
2024,Bills,1,Home
2024,Browns,0,Home
2024,Packers,1,Home
2024,Colts,1,Home
2024,Vikings,0,Home
2024,Giants,0,Home
2024,Rams,1,Home
2024,Commanders,1,Home
2024,49ers,0,Home
2024,Steelers,1,Home
2024,Buccaneers,0,Home
2024,Cardinals,1,Home
2024,Rams,1,Home
2024,Bengals,0,Home
2024,Browns,1,Home
2024,Lions,1,Home
2024,Dolphins,0,Home
2024,Patriots,1,Home
2024,Buccaneers,0,Home
2024,Jaguars,0,Home
2024,Texans,1,Home
2024,Chargers,1,Home
2024,Seahawks,0,Home
2024,Broncos,1,Home
2024,Raiders,0,Home
2024,Commanders,1,Home
2024,49ers,1,Home
2024,Steelers,1,Home
2024,Jets,1,Home
2024,Falcons,1,Home
2024,Bills,1,Home
2024,Bengals,1,Home
2024,Browns,0,Home
2024,Ravens,1,Home
2024,Panthers,1,Home
2024,Giants,0,Home
2024,Titans,1,Home
2024,Cardinals,1,Home
2024,Eagles,1,Home
2024,Seahawks,0,Home
2024,Packers,0,Home
2024,Vikings,1,Home
2024,Chiefs,1,Home
2024,Ravens,1,Home
2024,Panthers,1,Home
2024,Saints,1,Home
2024,Chiefs,1,Home
2024,Colts,0,Home
2024,Bears,0,Home
2024,Buccaneers,0,Home
2024,Commanders,0,Home
2024,Jaguars,0,Home
2024,Chargers,1,Home
2024,Cowboys,0,Home
2024,Cardinals,1,Home
2024,Texans,0,Home
2024,Rams,0,Home
2024,Eagles,1,Home
2024,Bears,0,Home
2024,Lions,1,Home
2024,Titans,0,Home
2024,Dolphins,1,Home
2024,Patriots,0,Home
2024,Saints,1,Home
2024,Jets,0,Home
2024,Steelers,1,Home
2024,Broncos,1,Home
2024,49ers,0,Home
2024,Bills,1,Home
2024,Chargers,1,Home
2024,Cowboys,0,Home
2024,Browns,1,Home
2024,Bears,0,Home
2024,Colts,0,Home
2024,Dolphins,1,Home
2024,Giants,0,Home
2024,Commanders,0,Home
2024,Panthers,0,Home
2024,Texans,0,Home
2024,Raiders,0,Home
2024,Packers,1,Home
2024,Seahawks,1,Home
2024,Rams,0,Home
2024,Chargers,0,Home
2024,Lions,1,Home
2024,Cowboys,1,Home
2024,Packers,1,Home
2024,Chiefs,1,Home
2024,Falcons,0,Home
2024,Bengals,0,Home
2024,Vikings,1,Home
2024,Patriots,0,Home
2024,Jets,0,Home
2024,Commanders,1,Home
2024,Jaguars,0,Home
2024,Saints,0,Home
2024,Panthers,0,Home
2024,Ravens,0,Home
2024,Bills,1,Home
2024,Broncos,1,Home
2024,Lions,1,Home
2024,Giants,0,Home
2024,Vikings,1,Home
2024,Dolphins,1,Home
2024,Titans,0,Home
2024,Steelers,1,Home
2024,Buccaneers,1,Home
2024,Eagles,1,Home
2024,Cardinals,0,Home
2024,49ers,1,Home
2024,Rams,1,Home
2024,Chiefs,1,Home
2024,Cowboys,0,Home
2024,49ers,0,Home
2024,Giants,0,Home
2024,Saints,0,Home
2024,Titans,0,Home
2024,Browns,0,Home
2024,Panthers,0,Home
2024,Texans,1,Home
2024,Jaguars,0,Home
2024,Chargers,0,Home
2024,Lions,0,Home
2024,Eagles,1,Home
2024,Cardinals,1,Home
2024,Broncos,1,Home
2024,Seahawks,0,Home
2024,Vikings,1,Home
2024,Raiders,0,Home
2024,Chargers,1,Home
2024,Chiefs,1,Home
2024,Ravens,1,Home
2024,Jets,0,Home
2024,Falcons,1,Home
2024,Bengals,1,Home
2024,Bears,0,Home
2024,Colts,1,Home
2024,Panthers,1,Home
2024,Commanders,1,Home
2024,Seahawks,0,Home
2024,Raiders,1,Home
2024,Bills,1,Home
2024,Dolphins,1,Home
2024,Cowboys,1,Home
2024,Packers,1,Home
2024,Steelers,0,Home
2024,Texans,0,Home
2024,Bears,0,Home
2024,Patriots,0,Home
2024,Bengals,1,Home
2024,Rams,1,Home
2024,Bills,1,Home
2024,Eagles,1,Home
2024,Saints,0,Home
2024,Buccaneers,1,Home
2024,Giants,1,Home
2024,Jaguars,1,Home
2024,Browns,0,Home
2024,Vikings,1,Home
2024,Commanders,1,Home
2024,49ers,0,Home
2024,Ravens,1,Home
2024,Steelers,0,Home
2024,Falcons,0,Home
2024,Packers,0,Home
2024,Titans,0,Home
2024,Eagles,1,Home
2024,Buccaneers,1,Home
2024,Patriots,1,Home
2024,Colts,1,Home
2024,Cowboys,0,Home
2024,Rams,0,Home
2024,Jets,1,Home
2024,Cardinals,1,Home
2024,Broncos,1,Home
2024,Raiders,0,Home
2024,Lions,1,Home
2024,Texans,1,Home
2024,Ravens,1,Home
2024,Bills,1,Home
2024,Eagles,1,Home
2024,Buccaneers,0,Home
2024,Rams,1,Home
2024,Chiefs,1,Home
2024,Lions,0,Home
2024,Eagles,1,Home
2024,Bills,1,Home
2024,Eagles,1,Home
2024,Chiefs,1,Home
2024,Eagles,1,Home
2025,Eagles,1,Home
2025,Chargers,1,Home
2025,Falcons,0,Home
2025,Browns,0,Home
2025,Colts,1,Home
2025,Patriots,0,Home
2025,Saints,0,Home
2025,Jets,0,Home
2025,Commanders,1,Home
2025,Jaguars,1,Home
2025,Seahawks,0,Home
2025,Broncos,1,Home
2025,Packers,1,Home
2025,Rams,1,Home
2025,Bills,1,Home
2025,Bears,0,Home
2025,Packers,1,Home
2025,Ravens,1,Home
2025,Steelers,0,Home
2025,Jets,0,Home
2025,Saints,0,Home
2025,Cowboys,1,Home
2025,Titans,0,Home
2025,Lions,1,Home
2025,Bengals,1,Home
2025,Dolphins,0,Home
2025,Colts,1,Home
2025,Cardinals,1,Home
2025,Chiefs,0,Home
2025,Vikings,0,Home
2025,Texans,0,Home
2025,Raiders,0,Home
2025,Bills,1,Home
2025,Commanders,1,Home
2025,Jaguars,1,Home
2025,Panthers,1,Home
2025,Buccaneers,1,Home
2025,Browns,1,Home
2025,Patriots,0,Home
2025,Vikings,1,Home
2025,Titans,0,Home
2025,Eagles,1,Home
2025,Chargers,1,Home
2025,Seahawks,1,Home
2025,Bears,1,Home
2025,49ers,1,Home
2025,Giants,0,Home
2025,Ravens,0,Home
2025,Cardinals,0,Home
2025,Steelers,1,Home
2025,Texans,1,Home
2025,Buccaneers,0,Home
2025,Giants,1,Home
2025,Lions,1,Home
2025,Bills,1,Home
2025,Falcons,1,Home
2025,Patriots,1,Home
2025,Rams,1,Home
2025,49ers,0,Home
2025,Chiefs,1,Home
2025,Raiders,0,Home
2025,Cowboys,0,Home
2025,Dolphins,1,Home
2025,Broncos,1,Home
2025,Rams,0,Home
2025,Browns,0,Home
2025,Ravens,0,Home
2025,Panthers,1,Home
2025,Eagles,0,Home
2025,Jets,0,Home
2025,Saints,1,Home
2025,Colts,1,Home
2025,Cardinals,0,Home
2025,Seahawks,0,Home
2025,Bengals,0,Home
2025,Chargers,0,Home
2025,Bills,0,Home
2025,Jaguars,1,Home
2025,Giants,1,Home
2025,Jets,0,Home
2025,Ravens,0,Home
2025,Panthers,1,Home
2025,Steelers,1,Home
2025,Jaguars,0,Home
2025,Dolphins,0,Home
2025,Saints,0,Home
2025,Colts,1,Home
2025,Raiders,1,Home
2025,Packers,1,Home
2025,Buccaneers,1,Home
2025,Chiefs,1,Home
2025,Falcons,1,Home
2025,Commanders,0,Home
2025,Bengals,1,Home
2025,Jaguars,0,Home
2025,Bears,1,Home
2025,Browns,1,Home
2025,Titans,0,Home
2025,Chiefs,1,Home
2025,Vikings,0,Home
2025,Jets,0,Home
2025,Broncos,1,Home
2025,Chargers,0,Home
2025,Cardinals,0,Home
2025,Cowboys,1,Home
2025,49ers,1,Home
2025,Lions,1,Home
2025,Seahawks,1,Home
2025,Chargers,1,Home
2025,Falcons,0,Home
2025,Bengals,0,Home
2025,Patriots,1,Home
2025,Eagles,1,Home
2025,Panthers,0,Home
2025,Ravens,1,Home
2025,Texans,1,Home
2025,Saints,0,Home
2025,Broncos,1,Home
2025,Colts,1,Home
2025,Steelers,0,Home
2025,Chiefs,1,Home
2025,Dolphins,0,Home
2025,Bengals,0,Home
2025,Lions,0,Home
2025,Packers,0,Home
2025,Titans,0,Home
2025,Patriots,1,Home
2025,Giants,0,Home
2025,Steelers,1,Home
2025,Texans,0,Home
2025,Raiders,0,Home
2025,Rams,1,Home
2025,Bills,1,Home
2025,Commanders,0,Home
2025,Cowboys,0,Home
2025,Broncos,1,Home
2025,Colts,1,Home
2025,Buccaneers,0,Home
2025,Texans,1,Home
2025,Jets,1,Home
2025,Panthers,0,Home
2025,Dolphins,1,Home
2025,Bears,1,Home
2025,Vikings,0,Home
2025,Seahawks,1,Home
2025,49ers,0,Home
2025,Commanders,0,Home
2025,Chargers,1,Home
2025,Packers,0,Home
2025,Patriots,1,Home
2025,Dolphins,1,Home
2025,Falcons,0,Home
2025,Bills,1,Home
2025,Titans,0,Home
2025,Vikings,0,Home
2025,Giants,0,Home
2025,Steelers,1,Home
2025,Jaguars,1,Home
2025,Cardinals,0,Home
2025,Rams,1,Home
2025,Browns,0,Home
2025,Broncos,1,Home
2025,Eagles,1,Home
2025,Raiders,0,Home
2025,Texans,1,Home
2025,Lions,1,Home
2025,Bears,1,Home
2025,Bengals,0,Home
2025,Packers,1,Home
2025,Titans,0,Home
2025,Chiefs,1,Home
2025,Ravens,1,Home
2025,Raiders,0,Home
2025,Cardinals,0,Home
2025,Cowboys,1,Home
2025,Saints,0,Home
2025,Rams,1,Home
2025,49ers,1,Home
2025,Lions,0,Home
2025,Cowboys,1,Home
2025,Ravens,0,Home
2025,Eagles,0,Home
2025,Browns,0,Home
2025,Titans,0,Home
2025,Colts,0,Home
2025,Dolphins,1,Home
2025,Jets,1,Home
2025,Buccaneers,1,Home
2025,Panthers,1,Home
2025,Seahawks,1,Home
2025,Steelers,0,Home
2025,Chargers,1,Home
2025,Commanders,0,Home
2025,Patriots,1,Home
2025,Lions,1,Home
2025,Falcons,0,Home
2025,Bills,1,Home
2025,Browns,0,Home
2025,Vikings,1,Home
2025,Jets,0,Home
2025,Buccaneers,0,Home
2025,Jaguars,1,Home
2025,Ravens,0,Home
2025,Raiders,0,Home
2025,Packers,1,Home
2025,Cardinals,0,Home
2025,Chiefs,0,Home
2025,Chargers,1,Home
2025,Buccaneers,0,Home
2025,Jaguars,1,Home
2025,Eagles,1,Home
2025,Giants,0,Home
2025,Texans,1,Home
2025,Patriots,0,Home
2025,Bengals,0,Home
2025,Bears,1,Home
2025,Chiefs,0,Home
2025,Broncos,1,Home
2025,Rams,1,Home
2025,Saints,1,Home
2025,49ers,1,Home
2025,Seahawks,1,Home
2025,Cowboys,0,Home
2025,Steelers,1,Home
2025,Seahawks,1,Home
2025,Commanders,0,Home
2025,Bears,1,Home
2025,Panthers,1,Home
2025,Giants,0,Home
2025,Saints,1,Home
2025,Dolphins,0,Home
2025,Cowboys,0,Home
2025,Browns,0,Home
2025,Titans,1,Home
2025,Broncos,0,Home
2025,Cardinals,0,Home
2025,Lions,0,Home
2025,Texans,1,Home
2025,Ravens,0,Home
2025,Colts,0,Home
2025,Commanders,0,Home
2025,Vikings,1,Home
2025,Chiefs,0,Home
2025,Chargers,0,Home
2025,Packers,0,Home
2025,Jets,0,Home
2025,Panthers,0,Home
2025,Colts,0,Home
2025,Dolphins,1,Home
2025,Browns,1,Home
2025,Titans,0,Home
2025,Bengals,1,Home
2025,Raiders,0,Home
2025,Bills,0,Home
2025,49ers,1,Home
2025,Falcons,1,Home
2025,Buccaneers,1,Home
2025,49ers,0,Home
2025,Falcons,1,Home
2025,Bengals,0,Home
2025,Vikings,1,Home
2025,Giants,1,Home
2025,Jaguars,1,Home
2025,Texans,1,Home
2025,Eagles,0,Home
2025,Rams,1,Home
2025,Patriots,1,Home
2025,Broncos,1,Home
2025,Bears,0,Home
2025,Bills,1,Home
2025,Raiders,1,Home
2025,Steelers,1,Home
2025,Panthers,0,Home
2025,Bears,1,Home
2025,Jaguars,0,Home
2025,Eagles,0,Home
2025,Patriots,1,Home
2025,Steelers,0,Home
2025,Broncos,1,Home
2025,Seahawks,1,Home
2025,Patriots,1,Home
2025,Bears,0,Home
2025,Broncos,0,Home
2025,Seahawks,1,Home
2025,Patriots,0,Home
2002,49ers,1,Away
2002,Colts,1,Away
2002,Cardinals,0,Away
2002,Lions,0,Away
2002,Eagles,0,Away
2002,Ravens,0,Away
2002,Chiefs,1,Away
2002,Chargers,1,Away
2002,Vikings,0,Away
2002,Jets,1,Away
2002,Falcons,0,Away
2002,Rams,0,Away
2002,Seahawks,0,Away
2002,Saints,1,Away
2002,Cowboys,0,Away
2002,Steelers,0,Away
2002,Packers,0,Away
2002,Buccaneers,1,Away
2002,Lions,0,Away
2002,Jaguars,1,Away
2002,Patriots,1,Away
2002,Titans,0,Away
2002,Bengals,0,Away
2002,Bears,1,Away
2002,Dolphins,1,Away
2002,Giants,1,Away
2002,Cardinals,1,Away
2002,Bills,1,Away
2002,Texans,0,Away
2002,Broncos,1,Away
2002,Raiders,1,Away
2002,Eagles,1,Away
2002,Colts,1,Away
2002,Cowboys,0,Away
2002,Chiefs,0,Away
2002,Saints,1,Away
2002,Jets,0,Away
2002,Browns,1,Away
2002,Panthers,1,Away
2002,Bills,0,Away
2002,Chargers,1,Away
2002,Commanders,0,Away
2002,Packers,1,Away
2002,Seahawks,0,Away
2002,Bengals,0,Away
2002,Rams,0,Away
2002,Bears,0,Away
2002,Saints,0,Away
2002,Panthers,0,Away
2002,Dolphins,0,Away
2002,Cowboys,1,Away
2002,Texans,0,Away
2002,Browns,0,Away
2002,Jets,0,Away
2002,Buccaneers,1,Away
2002,Giants,0,Away
2002,Patriots,0,Away
2002,Titans,0,Away
2002,Vikings,0,Away
2002,Broncos,0,Away
2002,Cardinals,1,Away
2002,Buccaneers,1,Away
2002,Raiders,1,Away
2002,Giants,1,Away
2002,Commanders,1,Away
2002,Bengals,0,Away
2002,Patriots,0,Away
2002,Steelers,0,Away
2002,Chiefs,1,Away
2002,Chargers,0,Away
2002,Rams,0,Away
2002,Eagles,0,Away
2002,Ravens,1,Away
2002,Packers,1,Away
2002,Bills,1,Away
2002,Saints,1,Away
2002,Falcons,1,Away
2002,Packers,1,Away
2002,Browns,0,Away
2002,Ravens,0,Away
2002,Panthers,0,Away
2002,Steelers,1,Away
2002,Lions,0,Away
2002,Jaguars,0,Away
2002,Raiders,0,Away
2002,Chiefs,0,Away
2002,Dolphins,1,Away
2002,49ers,1,Away
2002,Vikings,0,Away
2002,Jaguars,0,Away
2002,Bills,1,Away
2002,49ers,0,Away
2002,Broncos,1,Away
2002,Seahawks,0,Away
2002,Bears,0,Away
2002,Panthers,0,Away
2002,Texans,0,Away
2002,Chargers,1,Away
2002,Commanders,0,Away
2002,Buccaneers,0,Away
2002,Cowboys,0,Away
2002,Colts,0,Away
2002,Steelers,1,Away
2002,Buccaneers,1,Away
2002,Browns,1,Away
2002,Falcons,1,Away
2002,Lions,0,Away
2002,Raiders,0,Away
2002,Seahawks,1,Away
2002,Titans,1,Away
2002,Bears,0,Away
2002,Cardinals,0,Away
2002,Broncos,1,Away
2002,Texans,1,Away
2002,Colts,0,Away
2002,Giants,0,Away
2002,Ravens,0,Away
2002,Patriots,1,Away
2002,Eagles,1,Away
2002,Steelers,1,Away
2002,Cowboys,0,Away
2002,Titans,1,Away
2002,Vikings,0,Away
2002,Bengals,1,Away
2002,Jets,1,Away
2002,Commanders,1,Away
2002,Rams,1,Away
2002,49ers,1,Away
2002,Jaguars,0,Away
2002,Dolphins,0,Away
2002,Lions,0,Away
2002,Texans,0,Away
2002,Chargers,0,Away
2002,Giants,1,Away
2002,Colts,1,Away
2002,Falcons,0,Away
2002,Saints,1,Away
2002,Bengals,0,Away
2002,Commanders,0,Away
2002,Seahawks,1,Away
2002,Patriots,1,Away
2002,Chiefs,0,Away
2002,Dolphins,0,Away
2002,Raiders,1,Away
2002,Cardinals,0,Away
2002,Jaguars,1,Away
2002,Commanders,0,Away
2002,Packers,0,Away
2002,Bills,0,Away
2002,Cowboys,0,Away
2002,Steelers,0,Away
2002,Browns,1,Away
2002,Saints,0,Away
2002,49ers,0,Away
2002,Panthers,0,Away
2002,Jets,1,Away
2002,Ravens,0,Away
2002,Broncos,1,Away
2002,Patriots,0,Away
2002,Bears,0,Away
2002,Falcons,1,Away
2002,Rams,0,Away
2002,Bengals,0,Away
2002,Titans,0,Away
2002,Bills,0,Away
2002,Chargers,0,Away
2002,Vikings,0,Away
2002,Jaguars,0,Away
2002,Lions,0,Away
2002,Browns,1,Away
2002,Raiders,1,Away
2002,Chiefs,0,Away
2002,Packers,0,Away
2002,Giants,0,Away
2002,Colts,1,Away
2002,Eagles,1,Away
2002,Patriots,1,Away
2002,Commanders,0,Away
2002,Falcons,1,Away
2002,Titans,1,Away
2002,Cardinals,0,Away
2002,Steelers,1,Away
2002,Panthers,1,Away
2002,Ravens,1,Away
2002,Dolphins,0,Away
2002,Bears,0,Away
2002,Broncos,0,Away
2002,Texans,0,Away
2002,Rams,0,Away
2002,Seahawks,0,Away
2002,Buccaneers,0,Away
2002,Jets,0,Away
2002,Bengals,0,Away
2002,Giants,1,Away
2002,Falcons,0,Away
2002,Texans,1,Away
2002,Browns,1,Away
2002,Rams,0,Away
2002,Colts,0,Away
2002,49ers,1,Away
2002,Bills,0,Away
2002,Lions,0,Away
2002,Eagles,1,Away
2002,Saints,1,Away
2002,Broncos,0,Away
2002,Raiders,1,Away
2002,Vikings,0,Away
2002,Bears,0,Away
2002,Vikings,1,Away
2002,Ravens,1,Away
2002,Panthers,0,Away
2002,Commanders,0,Away
2002,Raiders,0,Away
2002,Seahawks,1,Away
2002,Colts,1,Away
2002,Jaguars,1,Away
2002,Jets,0,Away
2002,Chargers,0,Away
2002,Buccaneers,1,Away
2002,Chiefs,0,Away
2002,Cowboys,0,Away
2002,Packers,1,Away
2002,Cardinals,0,Away
2002,Patriots,0,Away
2002,Dolphins,0,Away
2002,49ers,1,Away
2002,Eagles,1,Away
2002,Texans,0,Away
2002,Titans,1,Away
2002,Chargers,0,Away
2002,Bears,0,Away
2002,Bills,0,Away
2002,Saints,0,Away
2002,Giants,1,Away
2002,Lions,0,Away
2002,Rams,0,Away
2002,Broncos,0,Away
2002,Browns,1,Away
2002,Jets,1,Away
2002,Steelers,1,Away
2002,Eagles,0,Away
2002,Chiefs,0,Away
2002,Titans,1,Away
2002,Cowboys,0,Away
2002,Ravens,0,Away
2002,Panthers,1,Away
2002,Bengals,0,Away
2002,Vikings,1,Away
2002,Falcons,0,Away
2002,Dolphins,0,Away
2002,Jaguars,0,Away
2002,Packers,0,Away
2002,Cardinals,0,Away
2002,Seahawks,1,Away
2002,Buccaneers,1,Away
2002,49ers,0,Away
2002,Colts,0,Away
2002,Falcons,1,Away
2002,Browns,0,Away
2002,Giants,0,Away
2002,Steelers,0,Away
2002,Falcons,0,Away
2002,49ers,0,Away
2002,Jets,0,Away
2002,Buccaneers,1,Away
2002,Titans,0,Away
2002,Raiders,0,Away
2003,Jets,0,Away
2003,Patriots,0,Away
2003,Broncos,1,Away
2003,Colts,1,Away
2003,Cardinals,0,Away
2003,Vikings,1,Away
2003,Chargers,0,Away
2003,Texans,1,Away
2003,Rams,0,Away
2003,Ravens,0,Away
2003,Jaguars,0,Away
2003,Bears,0,Away
2003,Saints,0,Away
2003,Falcons,1,Away
2003,Raiders,0,Away
2003,Buccaneers,1,Away
2003,Bills,1,Away
2003,Dolphins,1,Away
2003,Texans,0,Away
2003,49ers,0,Away
2003,Browns,0,Away
2003,Titans,0,Away
2003,Lions,0,Away
2003,Commanders,1,Away
2003,Steelers,0,Away
2003,Seahawks,1,Away
2003,Panthers,1,Away
2003,Bengals,0,Away
2003,Patriots,1,Away
2003,Broncos,1,Away
2003,Bears,0,Away
2003,Cowboys,1,Away
2003,Jaguars,0,Away
2003,Chiefs,1,Away
2003,Jets,0,Away
2003,Saints,0,Away
2003,Vikings,1,Away
2003,Steelers,1,Away
2003,Buccaneers,1,Away
2003,Packers,0,Away
2003,Rams,0,Away
2003,Giants,1,Away
2003,Ravens,1,Away
2003,Browns,1,Away
2003,Bills,0,Away
2003,Raiders,0,Away
2003,Jaguars,0,Away
2003,Patriots,0,Away
2003,Titans,1,Away
2003,Eagles,1,Away
2003,Cardinals,0,Away
2003,Bengals,1,Away
2003,49ers,0,Away
2003,Chiefs,1,Away
2003,Chargers,0,Away
2003,Cowboys,1,Away
2003,Falcons,0,Away
2003,Lions,0,Away
2003,Colts,1,Away
2003,Packers,1,Away
2003,Vikings,1,Away
2003,Dolphins,1,Away
2003,Titans,0,Away
2003,Broncos,0,Away
2003,Saints,0,Away
2003,Cardinals,0,Away
2003,Raiders,0,Away
2003,Bengals,0,Away
2003,Seahawks,0,Away
2003,Chargers,0,Away
2003,Commanders,0,Away
2003,Lions,0,Away
2003,Browns,1,Away
2003,Colts,1,Away
2003,Giants,0,Away
2003,Dolphins,1,Away
2003,Bears,0,Away
2003,Panthers,1,Away
2003,Buccaneers,1,Away
2003,Chiefs,1,Away
2003,Eagles,0,Away
2003,Raiders,0,Away
2003,Texans,0,Away
2003,Steelers,0,Away
2003,Bills,0,Away
2003,Ravens,1,Away
2003,49ers,0,Away
2003,Falcons,0,Away
2003,Titans,1,Away
2003,Eagles,1,Away
2003,Broncos,0,Away
2003,Packers,0,Away
2003,Ravens,0,Away
2003,Chargers,1,Away
2003,Saints,1,Away
2003,Patriots,1,Away
2003,Cowboys,1,Away
2003,Jets,1,Away
2003,Commanders,0,Away
2003,Buccaneers,0,Away
2003,Bears,0,Away
2003,Chiefs,1,Away
2003,Titans,1,Away
2003,Cowboys,0,Away
2003,Broncos,0,Away
2003,Rams,1,Away
2003,Seahawks,0,Away
2003,Browns,0,Away
2003,Giants,1,Away
2003,Panthers,1,Away
2003,Lions,0,Away
2003,49ers,0,Away
2003,Texans,0,Away
2003,Jets,0,Away
2003,Bills,0,Away
2003,Dolphins,1,Away
2003,Panthers,0,Away
2003,Jaguars,0,Away
2003,Saints,1,Away
2003,Chargers,0,Away
2003,Colts,1,Away
2003,Raiders,0,Away
2003,Giants,1,Away
2003,Steelers,0,Away
2003,Bengals,0,Away
2003,Commanders,0,Away
2003,Rams,0,Away
2003,Eagles,1,Away
2003,Packers,1,Away
2003,Patriots,1,Away
2003,Buccaneers,0,Away
2003,Colts,0,Away
2003,Seahawks,0,Away
2003,Falcons,1,Away
2003,Cardinals,0,Away
2003,Dolphins,0,Away
2003,Bears,0,Away
2003,Texans,0,Away
2003,Browns,0,Away
2003,Vikings,0,Away
2003,Bills,0,Away
2003,Jets,1,Away
2003,Ravens,0,Away
2003,Eagles,1,Away
2003,Falcons,0,Away
2003,Ravens,0,Away
2003,Commanders,0,Away
2003,Jaguars,0,Away
2003,Giants,0,Away
2003,Chiefs,0,Away
2003,Texans,1,Away
2003,Cardinals,0,Away
2003,Rams,1,Away
2003,Chargers,0,Away
2003,Jets,0,Away
2003,Vikings,0,Away
2003,Lions,0,Away
2003,Packers,1,Away
2003,Cowboys,0,Away
2003,Steelers,0,Away
2003,Patriots,1,Away
2003,Seahawks,0,Away
2003,Saints,0,Away
2003,Jaguars,0,Away
2003,Steelers,1,Away
2003,49ers,0,Away
2003,Panthers,0,Away
2003,Lions,0,Away
2003,Colts,1,Away
2003,Rams,1,Away
2003,Bears,1,Away
2003,Bengals,1,Away
2003,Raiders,0,Away
2003,Titans,1,Away
2003,Commanders,0,Away
2003,Giants,0,Away
2003,Packers,0,Away
2003,Dolphins,1,Away
2003,49ers,0,Away
2003,Falcons,0,Away
2003,Eagles,1,Away
2003,Bengals,1,Away
2003,Vikings,0,Away
2003,Patriots,1,Away
2003,Cardinals,0,Away
2003,Bills,1,Away
2003,Saints,1,Away
2003,Broncos,1,Away
2003,Chiefs,1,Away
2003,Browns,0,Away
2003,Buccaneers,0,Away
2003,Titans,0,Away
2003,Raiders,0,Away
2003,Cowboys,0,Away
2003,Bengals,0,Away
2003,Texans,0,Away
2003,Commanders,1,Away
2003,Buccaneers,1,Away
2003,Seahawks,0,Away
2003,Colts,1,Away
2003,Bears,0,Away
2003,Chargers,1,Away
2003,Cardinals,0,Away
2003,Jets,0,Away
2003,Chiefs,0,Away
2003,Dolphins,0,Away
2003,Panthers,0,Away
2003,Rams,1,Away
2003,Texans,0,Away
2003,Steelers,0,Away
2003,Jaguars,0,Away
2003,Seahawks,0,Away
2003,Vikings,0,Away
2003,Falcons,0,Away
2003,Bills,0,Away
2003,49ers,0,Away
2003,Lions,0,Away
2003,Ravens,0,Away
2003,Browns,0,Away
2003,Cowboys,1,Away
2003,Panthers,1,Away
2003,Packers,1,Away
2003,Giants,0,Away
2003,Eagles,1,Away
2003,Falcons,1,Away
2003,Chiefs,0,Away
2003,Patriots,1,Away
2003,Bengals,0,Away
2003,Titans,1,Away
2003,Saints,0,Away
2003,Lions,0,Away
2003,Giants,0,Away
2003,Ravens,1,Away
2003,Commanders,0,Away
2003,Dolphins,1,Away
2003,Chargers,0,Away
2003,49ers,1,Away
2003,Cardinals,0,Away
2003,Broncos,1,Away
2003,Packers,1,Away
2003,Bills,0,Away
2003,Seahawks,1,Away
2003,Eagles,1,Away
2003,Jaguars,0,Away
2003,Browns,1,Away
2003,Rams,0,Away
2003,Buccaneers,0,Away
2003,Bears,0,Away
2003,Jets,0,Away
2003,Cowboys,0,Away
2003,Colts,1,Away
2003,Panthers,1,Away
2003,Vikings,0,Away
2003,Raiders,0,Away
2003,Broncos,0,Away
2003,Steelers,0,Away
2003,Titans,1,Away
2003,Cowboys,0,Away
2003,Seahawks,0,Away
2003,Broncos,0,Away
2003,Panthers,1,Away
2003,Titans,0,Away
2003,Colts,1,Away
2003,Packers,0,Away
2003,Colts,0,Away
2003,Panthers,1,Away
2003,Panthers,0,Away
2004,Colts,0,Away
2004,Titans,1,Away
2004,Chargers,1,Away
2004,Buccaneers,0,Away
2004,Bengals,0,Away
2004,Seahawks,1,Away
2004,Raiders,0,Away
2004,Ravens,0,Away
2004,Lions,1,Away
2004,Jaguars,1,Away
2004,Cardinals,0,Away
2004,Cowboys,0,Away
2004,Giants,0,Away
2004,Falcons,1,Away
2004,Chiefs,0,Away
2004,Packers,1,Away
2004,49ers,0,Away
2004,Steelers,0,Away
2004,Commanders,0,Away
2004,Panthers,1,Away
2004,Broncos,0,Away
2004,Bears,1,Away
2004,Texans,0,Away
2004,Rams,0,Away
2004,Colts,1,Away
2004,Seahawks,1,Away
2004,Browns,0,Away
2004,Bills,0,Away
2004,Patriots,1,Away
2004,Jets,1,Away
2004,Dolphins,0,Away
2004,Vikings,0,Away
2004,Cardinals,0,Away
2004,Ravens,1,Away
2004,Eagles,1,Away
2004,Jaguars,1,Away
2004,Texans,1,Away
2004,Saints,1,Away
2004,Bears,0,Away
2004,Browns,0,Away
2004,Chargers,0,Away
2004,49ers,0,Away
2004,Packers,0,Away
2004,Buccaneers,0,Away
2004,Steelers,1,Away
2004,Cowboys,1,Away
2004,Colts,1,Away
2004,Bengals,0,Away
2004,Giants,1,Away
2004,Raiders,0,Away
2004,Eagles,1,Away
2004,Patriots,1,Away
2004,Commanders,0,Away
2004,Saints,0,Away
2004,Falcons,1,Away
2004,Jets,1,Away
2004,Titans,0,Away
2004,Broncos,1,Away
2004,Rams,1,Away
2004,Chiefs,1,Away
2004,Buccaneers,1,Away
2004,Browns,0,Away
2004,Dolphins,0,Away
2004,Vikings,1,Away
2004,Giants,1,Away
2004,Lions,1,Away
2004,Raiders,0,Away
2004,Bills,0,Away
2004,Jaguars,0,Away
2004,Panthers,0,Away
2004,Cardinals,0,Away
2004,Rams,1,Away
2004,Ravens,1,Away
2004,Titans,1,Away
2004,Chiefs,0,Away
2004,Panthers,0,Away
2004,49ers,0,Away
2004,Seahawks,0,Away
2004,Texans,1,Away
2004,Dolphins,0,Away
2004,Bengals,0,Away
2004,Commanders,1,Away
2004,Chargers,0,Away
2004,Packers,1,Away
2004,Broncos,1,Away
2004,Steelers,1,Away
2004,Vikings,1,Away
2004,Buccaneers,0,Away
2004,Eagles,1,Away
2004,Jaguars,1,Away
2004,Falcons,0,Away
2004,Rams,0,Away
2004,Titans,0,Away
2004,Lions,1,Away
2004,Bears,0,Away
2004,Chargers,1,Away
2004,Bills,0,Away
2004,Jets,0,Away
2004,Seahawks,0,Away
2004,Saints,1,Away
2004,Cowboys,0,Away
2004,Broncos,0,Away
2004,Cardinals,0,Away
2004,Lions,0,Away
2004,Bengals,0,Away
2004,Colts,0,Away
2004,Giants,1,Away
2004,Ravens,0,Away
2004,Packers,1,Away
2004,Jaguars,0,Away
2004,Falcons,1,Away
2004,Panthers,0,Away
2004,Raiders,0,Away
2004,Patriots,0,Away
2004,49ers,0,Away
2004,Dolphins,0,Away
2004,Chiefs,0,Away
2004,Eagles,0,Away
2004,Cardinals,1,Away
2004,Raiders,1,Away
2004,Cowboys,0,Away
2004,Jets,0,Away
2004,Commanders,1,Away
2004,Bears,1,Away
2004,Saints,0,Away
2004,Seahawks,1,Away
2004,Texans,0,Away
2004,Patriots,1,Away
2004,Browns,0,Away
2004,Vikings,0,Away
2004,Ravens,1,Away
2004,Lions,0,Away
2004,Chiefs,0,Away
2004,Seahawks,0,Away
2004,Bears,1,Away
2004,Steelers,1,Away
2004,Buccaneers,0,Away
2004,Texans,0,Away
2004,Bengals,1,Away
2004,Vikings,0,Away
2004,Giants,0,Away
2004,Panthers,1,Away
2004,Bills,0,Away
2004,Eagles,1,Away
2004,Cardinals,0,Away
2004,49ers,0,Away
2004,Broncos,1,Away
2004,Lions,0,Away
2004,Rams,0,Away
2004,Steelers,1,Away
2004,Colts,1,Away
2004,Titans,1,Away
2004,Jets,1,Away
2004,Cowboys,0,Away
2004,Chargers,1,Away
2004,Dolphins,0,Away
2004,Commanders,0,Away
2004,Falcons,1,Away
2004,Packers,1,Away
2004,Patriots,1,Away
2004,Colts,1,Away
2004,Bears,0,Away
2004,Browns,0,Away
2004,Chargers,1,Away
2004,Jaguars,0,Away
2004,Eagles,1,Away
2004,Commanders,0,Away
2004,Buccaneers,0,Away
2004,Titans,0,Away
2004,Saints,0,Away
2004,Ravens,0,Away
2004,Jets,1,Away
2004,Dolphins,1,Away
2004,Bills,1,Away
2004,Raiders,1,Away
2004,Rams,0,Away
2004,Bengals,1,Away
2004,Falcons,0,Away
2004,Texans,0,Away
2004,Panthers,1,Away
2004,Bills,1,Away
2004,Titans,0,Away
2004,Cardinals,0,Away
2004,Patriots,1,Away
2004,Vikings,0,Away
2004,49ers,0,Away
2004,Chiefs,1,Away
2004,Broncos,0,Away
2004,Packers,0,Away
2004,Giants,0,Away
2004,Steelers,1,Away
2004,Cowboys,1,Away
2004,Raiders,0,Away
2004,Browns,0,Away
2004,Saints,1,Away
2004,Seahawks,1,Away
2004,Bengals,0,Away
2004,Bears,0,Away
2004,Giants,0,Away
2004,Colts,1,Away
2004,Jets,0,Away
2004,Dolphins,0,Away
2004,Buccaneers,0,Away
2004,Rams,0,Away
2004,Lions,0,Away
2004,49ers,1,Away
2004,Eagles,1,Away
2004,Chiefs,1,Away
2004,Steelers,1,Away
2004,Commanders,1,Away
2004,Panthers,0,Away
2004,Texans,1,Away
2004,Bills,1,Away
2004,Chargers,1,Away
2004,Vikings,1,Away
2004,Broncos,0,Away
2004,Seahawks,0,Away
2004,Cowboys,0,Away
2004,Saints,1,Away
2004,Rams,0,Away
2004,Jaguars,1,Away
2004,Titans,0,Away
2004,Ravens,0,Away
2004,Patriots,0,Away
2004,Packers,1,Away
2004,Raiders,0,Away
2004,Broncos,1,Away
2004,Texans,1,Away
2004,Falcons,0,Away
2004,Ravens,0,Away
2004,Bears,0,Away
2004,Giants,0,Away
2004,Chargers,0,Away
2004,Patriots,1,Away
2004,Bills,1,Away
2004,Commanders,0,Away
2004,Cardinals,0,Away
2004,Panthers,1,Away
2004,Browns,0,Away
2004,Eagles,0,Away
2004,Browns,1,Away
2004,Dolphins,0,Away
2004,Saints,1,Away
2004,Vikings,0,Away
2004,Bengals,1,Away
2004,Lions,0,Away
2004,Jets,0,Away
2004,Packers,1,Away
2004,Steelers,1,Away
2004,49ers,0,Away
2004,Buccaneers,0,Away
2004,Falcons,0,Away
2004,Jaguars,1,Away
2004,Colts,0,Away
2004,Chiefs,0,Away
2004,Cowboys,0,Away
2004,Rams,1,Away
2004,Jets,1,Away
2004,Broncos,0,Away
2004,Vikings,1,Away
2004,Jets,0,Away
2004,Rams,0,Away
2004,Vikings,0,Away
2004,Colts,0,Away
2004,Falcons,0,Away
2004,Patriots,1,Away
2004,Patriots,1,Away
2005,Raiders,0,Away
2005,Texans,0,Away
2005,Bengals,1,Away
2005,Jets,0,Away
2005,Broncos,0,Away
2005,Buccaneers,1,Away
2005,Titans,0,Away
2005,Bears,0,Away
2005,Saints,1,Away
2005,Seahawks,0,Away
2005,Rams,0,Away
2005,Cowboys,1,Away
2005,Packers,0,Away
2005,Cardinals,0,Away
2005,Colts,1,Away
2005,Eagles,0,Away
2005,Steelers,1,Away
2005,Bills,0,Away
2005,49ers,0,Away
2005,Patriots,0,Away
2005,Ravens,0,Away
2005,Vikings,0,Away
2005,Lions,0,Away
2005,Jaguars,0,Away
2005,Rams,1,Away
2005,Falcons,0,Away
2005,Chargers,0,Away
2005,Browns,1,Away
2005,Dolphins,0,Away
2005,Chiefs,1,Away
2005,Giants,1,Away
2005,Commanders,1,Away
2005,Jaguars,1,Away
2005,Saints,0,Away
2005,Raiders,0,Away
2005,Panthers,0,Away
2005,Falcons,1,Away
2005,Browns,0,Away
2005,Buccaneers,1,Away
2005,Bengals,1,Away
2005,Titans,0,Away
2005,Cowboys,1,Away
2005,Cardinals,0,Away
2005,Patriots,1,Away
2005,Giants,0,Away
2005,Chiefs,0,Away
2005,Broncos,1,Away
2005,Seahawks,0,Away
2005,Lions,0,Away
2005,Rams,0,Away
2005,Texans,0,Away
2005,Chargers,1,Away
2005,Colts,1,Away
2005,Bills,0,Away
2005,Jets,0,Away
2005,Eagles,1,Away
2005,Cowboys,0,Away
2005,Vikings,0,Away
2005,49ers,0,Away
2005,Packers,0,Away
2005,Titans,1,Away
2005,Buccaneers,0,Away
2005,Saints,0,Away
2005,Seahawks,1,Away
2005,Bears,0,Away
2005,Dolphins,0,Away
2005,Patriots,1,Away
2005,Ravens,0,Away
2005,Colts,1,Away
2005,Eagles,0,Away
2005,Commanders,0,Away
2005,Panthers,1,Away
2005,Bengals,0,Away
2005,Steelers,1,Away
2005,Browns,0,Away
2005,Falcons,1,Away
2005,Dolphins,0,Away
2005,Commanders,0,Away
2005,Jaguars,1,Away
2005,Panthers,1,Away
2005,Giants,0,Away
2005,Vikings,0,Away
2005,Bengals,1,Away
2005,Jets,0,Away
2005,Patriots,0,Away
2005,Chargers,1,Away
2005,Texans,0,Away
2005,Rams,0,Away
2005,Chiefs,1,Away
2005,Colts,1,Away
2005,49ers,0,Away
2005,Chargers,0,Away
2005,Steelers,1,Away
2005,Saints,0,Away
2005,Lions,1,Away
2005,Packers,0,Away
2005,Cowboys,0,Away
2005,Broncos,0,Away
2005,Ravens,0,Away
2005,Bills,0,Away
2005,Titans,0,Away
2005,Jets,0,Away
2005,Packers,0,Away
2005,Cardinals,0,Away
2005,Bears,1,Away
2005,Raiders,1,Away
2005,Jaguars,0,Away
2005,Commanders,0,Away
2005,Vikings,0,Away
2005,Browns,0,Away
2005,Dolphins,1,Away
2005,Chiefs,0,Away
2005,Buccaneers,0,Away
2005,Eagles,0,Away
2005,Bills,0,Away
2005,Ravens,0,Away
2005,Bengals,1,Away
2005,Titans,0,Away
2005,Raiders,0,Away
2005,Falcons,1,Away
2005,Lions,0,Away
2005,Chargers,1,Away
2005,Panthers,1,Away
2005,Texans,0,Away
2005,Giants,1,Away
2005,Seahawks,1,Away
2005,Bears,1,Away
2005,Steelers,1,Away
2005,Eagles,0,Away
2005,Colts,1,Away
2005,Chiefs,0,Away
2005,49ers,0,Away
2005,Cardinals,0,Away
2005,Texans,0,Away
2005,Patriots,1,Away
2005,Vikings,1,Away
2005,Ravens,0,Away
2005,Jets,0,Away
2005,Broncos,1,Away
2005,Packers,1,Away
2005,Rams,0,Away
2005,Commanders,0,Away
2005,Browns,0,Away
2005,Cowboys,1,Away
2005,Steelers,0,Away
2005,Raiders,1,Away
2005,Eagles,0,Away
2005,Saints,0,Away
2005,Cardinals,1,Away
2005,Panthers,0,Away
2005,Lions,0,Away
2005,Dolphins,0,Away
2005,Buccaneers,1,Away
2005,Jaguars,1,Away
2005,Seahawks,1,Away
2005,Colts,1,Away
2005,Jets,0,Away
2005,Bills,0,Away
2005,Chiefs,1,Away
2005,Vikings,1,Away
2005,Falcons,1,Away
2005,Broncos,1,Away
2005,Bears,1,Away
2005,Chargers,1,Away
2005,Browns,0,Away
2005,Rams,1,Away
2005,49ers,0,Away
2005,Ravens,0,Away
2005,Panthers,1,Away
2005,Patriots,0,Away
2005,Dolphins,1,Away
2005,Jaguars,1,Away
2005,Packers,0,Away
2005,Giants,0,Away
2005,Saints,1,Away
2005,Steelers,0,Away
2005,Texans,0,Away
2005,Falcons,0,Away
2005,Bengals,1,Away
2005,Cowboys,0,Away
2005,Buccaneers,1,Away
2005,Packers,0,Away
2005,Titans,0,Away
2005,Vikings,1,Away
2005,Jaguars,1,Away
2005,Bills,0,Away
2005,Commanders,1,Away
2005,Cardinals,1,Away
2005,Jets,0,Away
2005,Broncos,0,Away
2005,Raiders,0,Away
2005,Seahawks,1,Away
2005,Colts,1,Away
2005,Patriots,1,Away
2005,Browns,0,Away
2005,Texans,0,Away
2005,Rams,0,Away
2005,Raiders,0,Away
2005,Bears,0,Away
2005,Buccaneers,1,Away
2005,49ers,0,Away
2005,Commanders,1,Away
2005,Giants,1,Away
2005,Chiefs,0,Away
2005,Ravens,0,Away
2005,Dolphins,1,Away
2005,Lions,0,Away
2005,Saints,0,Away
2005,Buccaneers,0,Away
2005,Chiefs,0,Away
2005,Broncos,1,Away
2005,Panthers,1,Away
2005,49ers,0,Away
2005,Steelers,1,Away
2005,Cardinals,0,Away
2005,Eagles,1,Away
2005,Chargers,1,Away
2005,Seahawks,1,Away
2005,Jets,0,Away
2005,Bengals,1,Away
2005,Browns,1,Away
2005,Cowboys,0,Away
2005,Falcons,0,Away
2005,Packers,0,Away
2005,Jaguars,1,Away
2005,Cowboys,1,Away
2005,Giants,0,Away
2005,Falcons,0,Away
2005,Lions,1,Away
2005,Chargers,0,Away
2005,49ers,1,Away
2005,Steelers,1,Away
2005,Bills,1,Away
2005,Titans,0,Away
2005,Eagles,0,Away
2005,Colts,0,Away
2005,Raiders,0,Away
2005,Bears,1,Away
2005,Vikings,0,Away
2005,Patriots,1,Away
2005,Broncos,1,Away
2005,Giants,1,Away
2005,Lions,0,Away
2005,Bills,0,Away
2005,Dolphins,1,Away
2005,Bengals,0,Away
2005,Saints,0,Away
2005,Seahawks,0,Away
2005,Ravens,0,Away
2005,Panthers,1,Away
2005,Cardinals,0,Away
2005,Texans,0,Away
2005,Titans,0,Away
2005,Bears,0,Away
2005,Commanders,1,Away
2005,Rams,1,Away
2005,Commanders,1,Away
2005,Jaguars,0,Away
2005,Panthers,1,Away
2005,Steelers,1,Away
2005,Commanders,0,Away
2005,Patriots,0,Away
2005,Steelers,1,Away
2005,Panthers,1,Away
2005,Steelers,1,Away
2005,Panthers,0,Away
2005,Seahawks,0,Away
2006,Dolphins,0,Away
2006,Eagles,1,Away
2006,Falcons,1,Away
2006,Bills,0,Away
2006,Broncos,0,Away
2006,Ravens,1,Away
2006,Jets,1,Away
2006,Seahawks,1,Away
2006,Saints,1,Away
2006,Bengals,1,Away
2006,Bears,1,Away
2006,49ers,0,Away
2006,Cowboys,0,Away
2006,Colts,1,Away
2006,Vikings,1,Away
2006,Chargers,1,Away
2006,Panthers,0,Away
2006,Raiders,0,Away
2006,Giants,1,Away
2006,Bills,1,Away
2006,Saints,1,Away
2006,Browns,0,Away
2006,Lions,0,Away
2006,Buccaneers,0,Away
2006,Texans,0,Away
2006,Rams,0,Away
2006,Cardinals,0,Away
2006,Chiefs,0,Away
2006,Patriots,1,Away
2006,Titans,0,Away
2006,Commanders,0,Away
2006,Steelers,0,Away
2006,Panthers,1,Away
2006,Bengals,1,Away
2006,Bears,1,Away
2006,Jets,1,Away
2006,Jaguars,0,Away
2006,Packers,1,Away
2006,Commanders,1,Away
2006,Titans,0,Away
2006,Ravens,1,Away
2006,Eagles,1,Away
2006,Rams,1,Away
2006,Giants,0,Away
2006,Broncos,1,Away
2006,Falcons,0,Away
2006,Chargers,0,Away
2006,Saints,0,Away
2006,Colts,1,Away
2006,Dolphins,0,Away
2006,Cowboys,1,Away
2006,Vikings,0,Away
2006,Cardinals,0,Away
2006,49ers,0,Away
2006,Lions,0,Away
2006,Patriots,1,Away
2006,Browns,1,Away
2006,Jaguars,0,Away
2006,Seahawks,0,Away
2006,Packers,0,Away
2006,Buccaneers,0,Away
2006,Commanders,0,Away
2006,Dolphins,0,Away
2006,Browns,0,Away
2006,Titans,0,Away
2006,Rams,1,Away
2006,Bills,0,Away
2006,Lions,0,Away
2006,Chiefs,1,Away
2006,Raiders,0,Away
2006,Jets,0,Away
2006,Cowboys,0,Away
2006,Steelers,0,Away
2006,Ravens,0,Away
2006,Panthers,1,Away
2006,Titans,1,Away
2006,Bengals,0,Away
2006,Eagles,0,Away
2006,Seahawks,1,Away
2006,Texans,0,Away
2006,Giants,1,Away
2006,Bills,0,Away
2006,Dolphins,0,Away
2006,Chiefs,0,Away
2006,Chargers,1,Away
2006,Raiders,0,Away
2006,Bears,1,Away
2006,Lions,0,Away
2006,Jaguars,0,Away
2006,Eagles,0,Away
2006,Packers,1,Away
2006,Patriots,1,Away
2006,Panthers,0,Away
2006,Chargers,0,Away
2006,Steelers,0,Away
2006,Broncos,1,Away
2006,Commanders,0,Away
2006,Cardinals,0,Away
2006,Vikings,1,Away
2006,Giants,1,Away
2006,Jaguars,1,Away
2006,Buccaneers,0,Away
2006,Ravens,1,Away
2006,Seahawks,0,Away
2006,49ers,0,Away
2006,Cardinals,0,Away
2006,Falcons,1,Away
2006,Texans,0,Away
2006,Rams,0,Away
2006,Colts,1,Away
2006,Steelers,0,Away
2006,Jets,0,Away
2006,Cowboys,1,Away
2006,Patriots,1,Away
2006,Titans,0,Away
2006,Bengals,0,Away
2006,Cowboys,0,Away
2006,Texans,0,Away
2006,Saints,1,Away
2006,Falcons,0,Away
2006,Dolphins,1,Away
2006,Packers,0,Away
2006,Chiefs,1,Away
2006,Vikings,0,Away
2006,Broncos,1,Away
2006,Browns,0,Away
2006,Colts,1,Away
2006,Raiders,0,Away
2006,Jets,1,Away
2006,Packers,1,Away
2006,Commanders,0,Away
2006,Chiefs,0,Away
2006,Texans,1,Away
2006,Ravens,1,Away
2006,Browns,1,Away
2006,Bills,0,Away
2006,49ers,1,Away
2006,Chargers,1,Away
2006,Broncos,1,Away
2006,Cowboys,1,Away
2006,Saints,0,Away
2006,Rams,0,Away
2006,Bears,1,Away
2006,Buccaneers,0,Away
2006,Rams,0,Away
2006,Commanders,0,Away
2006,Titans,1,Away
2006,Bears,1,Away
2006,Patriots,1,Away
2006,Vikings,0,Away
2006,Raiders,0,Away
2006,Falcons,0,Away
2006,Steelers,1,Away
2006,Bengals,1,Away
2006,Bills,1,Away
2006,Seahawks,0,Away
2006,Lions,0,Away
2006,Colts,0,Away
2006,Chargers,1,Away
2006,Giants,0,Away
2006,Dolphins,1,Away
2006,Buccaneers,0,Away
2006,Broncos,0,Away
2006,Steelers,0,Away
2006,Panthers,0,Away
2006,Cardinals,0,Away
2006,Texans,0,Away
2006,Bengals,1,Away
2006,Jaguars,0,Away
2006,Saints,1,Away
2006,49ers,0,Away
2006,Raiders,0,Away
2006,Giants,0,Away
2006,Bears,0,Away
2006,Eagles,0,Away
2006,Packers,0,Away
2006,Ravens,0,Away
2006,Falcons,1,Away
2006,49ers,0,Away
2006,Lions,0,Away
2006,Cardinals,1,Away
2006,Colts,0,Away
2006,Chiefs,0,Away
2006,Vikings,0,Away
2006,Chargers,1,Away
2006,Jets,1,Away
2006,Cowboys,1,Away
2006,Texans,1,Away
2006,Jaguars,1,Away
2006,Buccaneers,0,Away
2006,Seahawks,1,Away
2006,Panthers,0,Away
2006,Browns,0,Away
2006,Raiders,0,Away
2006,Vikings,1,Away
2006,Ravens,1,Away
2006,Patriots,0,Away
2006,Falcons,1,Away
2006,Eagles,1,Away
2006,Giants,1,Away
2006,Colts,0,Away
2006,Titans,1,Away
2006,Seahawks,0,Away
2006,Packers,1,Away
2006,Broncos,0,Away
2006,Bills,1,Away
2006,Saints,1,Away
2006,Bears,1,Away
2006,49ers,1,Away
2006,Cowboys,1,Away
2006,Steelers,1,Away
2006,Browns,0,Away
2006,Commanders,1,Away
2006,Jets,1,Away
2006,Texans,0,Away
2006,Lions,0,Away
2006,Buccaneers,0,Away
2006,Dolphins,0,Away
2006,Jaguars,0,Away
2006,Broncos,1,Away
2006,Rams,1,Away
2006,Eagles,1,Away
2006,Chiefs,0,Away
2006,Bengals,0,Away
2006,Vikings,0,Away
2006,Chiefs,1,Away
2006,Patriots,1,Away
2006,Ravens,1,Away
2006,Colts,0,Away
2006,Saints,1,Away
2006,Commanders,0,Away
2006,Bears,1,Away
2006,Buccaneers,1,Away
2006,Titans,1,Away
2006,Panthers,1,Away
2006,Cardinals,1,Away
2006,Bengals,0,Away
2006,Chargers,1,Away
2006,Eagles,1,Away
2006,Jets,1,Away
2006,Giants,1,Away
2006,Browns,0,Away
2006,Seahawks,1,Away
2006,Raiders,0,Away
2006,Panthers,1,Away
2006,Steelers,1,Away
2006,Jaguars,0,Away
2006,Patriots,1,Away
2006,Lions,1,Away
2006,Rams,1,Away
2006,Bills,0,Away
2006,Cardinals,0,Away
2006,Dolphins,0,Away
2006,49ers,1,Away
2006,Falcons,0,Away
2006,Packers,1,Away
2006,Chiefs,0,Away
2006,Cowboys,0,Away
2006,Jets,0,Away
2006,Giants,0,Away
2006,Colts,1,Away
2006,Eagles,0,Away
2006,Seahawks,0,Away
2006,Patriots,1,Away
2006,Saints,0,Away
2006,Patriots,0,Away
2006,Colts,1,Away
2007,Saints,0,Away
2007,Dolphins,0,Away
2007,Patriots,1,Away
2007,Titans,1,Away
2007,Falcons,0,Away
2007,Chiefs,0,Away
2007,Eagles,0,Away
2007,Steelers,1,Away
2007,Broncos,1,Away
2007,Panthers,1,Away
2007,Lions,1,Away
2007,Bears,0,Away
2007,Buccaneers,0,Away
2007,Giants,0,Away
2007,Ravens,0,Away
2007,Cardinals,0,Away
2007,Falcons,0,Away
2007,Texans,1,Away
2007,Saints,0,Away
2007,Bills,0,Away
2007,Colts,1,Away
2007,49ers,1,Away
2007,Bengals,0,Away
2007,Packers,1,Away
2007,Vikings,0,Away
2007,Cowboys,1,Away
2007,Seahawks,0,Away
2007,Raiders,0,Away
2007,Chiefs,0,Away
2007,Jets,0,Away
2007,Chargers,0,Away
2007,Commanders,1,Away
2007,Chargers,0,Away
2007,Vikings,0,Away
2007,Bills,0,Away
2007,Dolphins,0,Away
2007,Lions,0,Away
2007,49ers,0,Away
2007,Rams,0,Away
2007,Cardinals,0,Away
2007,Colts,1,Away
2007,Bengals,0,Away
2007,Browns,0,Away
2007,Jaguars,1,Away
2007,Panthers,1,Away
2007,Giants,1,Away
2007,Cowboys,1,Away
2007,Titans,1,Away
2007,Texans,0,Away
2007,Jets,0,Away
2007,Ravens,0,Away
2007,Rams,0,Away
2007,Bears,0,Away
2007,Raiders,1,Away
2007,Packers,1,Away
2007,Buccaneers,1,Away
2007,Seahawks,1,Away
2007,Broncos,0,Away
2007,Steelers,0,Away
2007,Chiefs,1,Away
2007,Eagles,0,Away
2007,Patriots,1,Away
2007,Jets,0,Away
2007,Dolphins,0,Away
2007,Lions,0,Away
2007,Seahawks,0,Away
2007,Panthers,1,Away
2007,Browns,0,Away
2007,Cardinals,1,Away
2007,Jaguars,1,Away
2007,Falcons,0,Away
2007,Buccaneers,0,Away
2007,Chargers,1,Away
2007,Ravens,1,Away
2007,Bears,1,Away
2007,Cowboys,1,Away
2007,Texans,0,Away
2007,Dolphins,0,Away
2007,Rams,0,Away
2007,Titans,0,Away
2007,Vikings,1,Away
2007,Bengals,0,Away
2007,Commanders,0,Away
2007,Eagles,1,Away
2007,Panthers,1,Away
2007,Patriots,1,Away
2007,Raiders,0,Away
2007,Saints,1,Away
2007,Giants,1,Away
2007,Titans,1,Away
2007,Cardinals,0,Away
2007,49ers,0,Away
2007,Ravens,0,Away
2007,Patriots,1,Away
2007,Buccaneers,0,Away
2007,Falcons,0,Away
2007,Chiefs,1,Away
2007,Jets,0,Away
2007,Bears,1,Away
2007,Rams,0,Away
2007,Vikings,0,Away
2007,Steelers,0,Away
2007,Colts,1,Away
2007,Lions,1,Away
2007,Steelers,1,Away
2007,Raiders,0,Away
2007,Browns,1,Away
2007,Giants,1,Away
2007,Eagles,1,Away
2007,Colts,1,Away
2007,Jaguars,1,Away
2007,Texans,0,Away
2007,Bills,1,Away
2007,Commanders,0,Away
2007,Saints,1,Away
2007,Packers,1,Away
2007,Cardinals,0,Away
2007,Jaguars,0,Away
2007,Chargers,0,Away
2007,Packers,1,Away
2007,Commanders,1,Away
2007,Broncos,0,Away
2007,Bengals,0,Away
2007,49ers,0,Away
2007,Panthers,0,Away
2007,Seahawks,0,Away
2007,Patriots,1,Away
2007,Texans,1,Away
2007,Cowboys,1,Away
2007,Ravens,0,Away
2007,Falcons,1,Away
2007,Eagles,1,Away
2007,Browns,0,Away
2007,Rams,1,Away
2007,Broncos,1,Away
2007,Jaguars,1,Away
2007,Vikings,0,Away
2007,Bills,1,Away
2007,Bengals,1,Away
2007,Bears,1,Away
2007,Cowboys,1,Away
2007,Lions,0,Away
2007,Colts,0,Away
2007,49ers,0,Away
2007,Chargers,0,Away
2007,Dolphins,0,Away
2007,Saints,0,Away
2007,Browns,1,Away
2007,Raiders,0,Away
2007,Giants,1,Away
2007,Panthers,0,Away
2007,Chiefs,0,Away
2007,Cardinals,1,Away
2007,Buccaneers,1,Away
2007,Steelers,0,Away
2007,Commanders,0,Away
2007,Rams,1,Away
2007,Bears,0,Away
2007,Patriots,1,Away
2007,Titans,0,Away
2007,Packers,1,Away
2007,Jets,0,Away
2007,Colts,1,Away
2007,Titans,0,Away
2007,Texans,0,Away
2007,Raiders,1,Away
2007,Seahawks,1,Away
2007,Vikings,1,Away
2007,Commanders,0,Away
2007,Saints,1,Away
2007,Bills,0,Away
2007,49ers,1,Away
2007,Ravens,0,Away
2007,Broncos,0,Away
2007,Eagles,0,Away
2007,Dolphins,0,Away
2007,Packers,0,Away
2007,Bills,1,Away
2007,49ers,0,Away
2007,Lions,0,Away
2007,Jets,1,Away
2007,Seahawks,1,Away
2007,Chargers,1,Away
2007,Jaguars,0,Away
2007,Texans,0,Away
2007,Falcons,0,Away
2007,Broncos,0,Away
2007,Browns,0,Away
2007,Giants,1,Away
2007,Buccaneers,1,Away
2007,Bengals,0,Away
2007,Patriots,1,Away
2007,Bears,0,Away
2007,Panthers,0,Away
2007,Giants,1,Away
2007,Buccaneers,0,Away
2007,Chargers,1,Away
2007,Rams,0,Away
2007,Cowboys,1,Away
2007,Raiders,0,Away
2007,Dolphins,0,Away
2007,Vikings,1,Away
2007,Cardinals,0,Away
2007,Chiefs,0,Away
2007,Steelers,0,Away
2007,Browns,1,Away
2007,Colts,1,Away
2007,Saints,1,Away
2007,Broncos,0,Away
2007,Bengals,0,Away
2007,Falcons,0,Away
2007,Jaguars,1,Away
2007,Cardinals,0,Away
2007,Jets,0,Away
2007,Seahawks,0,Away
2007,Packers,1,Away
2007,Titans,1,Away
2007,Bills,0,Away
2007,Ravens,0,Away
2007,Colts,1,Away
2007,Eagles,1,Away
2007,Lions,0,Away
2007,Commanders,1,Away
2007,Bears,0,Away
2007,Steelers,1,Away
2007,Cowboys,1,Away
2007,Raiders,0,Away
2007,Eagles,1,Away
2007,Texans,0,Away
2007,Giants,1,Away
2007,Browns,0,Away
2007,Packers,0,Away
2007,Chiefs,0,Away
2007,Falcons,0,Away
2007,Buccaneers,0,Away
2007,Ravens,0,Away
2007,Jets,0,Away
2007,Dolphins,0,Away
2007,Commanders,1,Away
2007,Broncos,0,Away
2007,Patriots,1,Away
2007,Seahawks,0,Away
2007,Saints,0,Away
2007,49ers,0,Away
2007,Lions,0,Away
2007,Bengals,1,Away
2007,Bills,0,Away
2007,Panthers,1,Away
2007,Jaguars,0,Away
2007,Steelers,0,Away
2007,Cowboys,0,Away
2007,Rams,0,Away
2007,Chiefs,0,Away
2007,Chargers,1,Away
2007,Vikings,0,Away
2007,Titans,1,Away
2007,Commanders,0,Away
2007,Jaguars,1,Away
2007,Giants,1,Away
2007,Titans,0,Away
2007,Seahawks,0,Away
2007,Jaguars,0,Away
2007,Chargers,1,Away
2007,Giants,1,Away
2007,Chargers,0,Away
2007,Giants,1,Away
2007,Giants,1,Away
2008,Commanders,0,Away
2008,Bengals,0,Away
2008,Rams,0,Away
2008,Buccaneers,0,Away
2008,Chiefs,0,Away
2008,Texans,0,Away
2008,Jaguars,0,Away
2008,Seahawks,0,Away
2008,Lions,0,Away
2008,Jets,1,Away
2008,Cowboys,1,Away
2008,Panthers,1,Away
2008,Cardinals,1,Away
2008,Bears,1,Away
2008,Vikings,0,Away
2008,Broncos,1,Away
2008,Saints,0,Away
2008,Bills,1,Away
2008,Bears,0,Away
2008,Colts,1,Away
2008,Packers,1,Away
2008,Raiders,1,Away
2008,Giants,1,Away
2008,Titans,1,Away
2008,49ers,1,Away
2008,Falcons,0,Away
2008,Chargers,0,Away
2008,Patriots,1,Away
2008,Dolphins,0,Away
2008,Steelers,1,Away
2008,Eagles,0,Away
2008,Chiefs,0,Away
2008,Raiders,0,Away
2008,Buccaneers,1,Away
2008,Texans,0,Away
2008,Panthers,0,Away
2008,Dolphins,1,Away
2008,Bengals,0,Away
2008,Cardinals,0,Away
2008,Lions,0,Away
2008,Rams,0,Away
2008,Saints,0,Away
2008,Jaguars,1,Away
2008,Steelers,0,Away
2008,Browns,0,Away
2008,Cowboys,1,Away
2008,Jets,0,Away
2008,Cardinals,0,Away
2008,Texans,0,Away
2008,Falcons,0,Away
2008,Packers,0,Away
2008,49ers,0,Away
2008,Broncos,0,Away
2008,Vikings,0,Away
2008,Browns,1,Away
2008,Chargers,1,Away
2008,Bills,1,Away
2008,Commanders,1,Away
2008,Eagles,0,Away
2008,Ravens,0,Away
2008,Chiefs,0,Away
2008,Titans,1,Away
2008,Commanders,1,Away
2008,Colts,1,Away
2008,Chargers,0,Away
2008,Falcons,1,Away
2008,Bears,1,Away
2008,Seahawks,0,Away
2008,Buccaneers,0,Away
2008,Bengals,0,Away
2008,Bills,0,Away
2008,Patriots,1,Away
2008,Steelers,1,Away
2008,Vikings,1,Away
2008,Bears,0,Away
2008,Ravens,0,Away
2008,Lions,0,Away
2008,Raiders,0,Away
2008,Bengals,0,Away
2008,Panthers,0,Away
2008,Rams,1,Away
2008,Dolphins,0,Away
2008,Jaguars,1,Away
2008,Packers,1,Away
2008,Eagles,1,Away
2008,Cowboys,0,Away
2008,Patriots,0,Away
2008,Giants,0,Away
2008,49ers,0,Away
2008,Ravens,1,Away
2008,Cowboys,0,Away
2008,Saints,0,Away
2008,Steelers,1,Away
2008,Vikings,0,Away
2008,Chargers,0,Away
2008,Titans,1,Away
2008,Lions,0,Away
2008,Colts,0,Away
2008,Jets,0,Away
2008,Browns,0,Away
2008,Seahawks,0,Away
2008,Broncos,0,Away
2008,Chiefs,0,Away
2008,Raiders,0,Away
2008,Falcons,0,Away
2008,Chargers,0,Away
2008,Cardinals,0,Away
2008,Bills,0,Away
2008,Commanders,1,Away
2008,Rams,0,Away
2008,Buccaneers,0,Away
2008,Browns,1,Away
2008,Bengals,0,Away
2008,Giants,1,Away
2008,Seahawks,1,Away
2008,Colts,0,Away
2008,Texans,0,Away
2008,Cardinals,1,Away
2008,Buccaneers,1,Away
2008,Packers,0,Away
2008,Jaguars,0,Away
2008,Lions,0,Away
2008,Jets,1,Away
2008,Ravens,1,Away
2008,Dolphins,1,Away
2008,Falcons,1,Away
2008,Cowboys,0,Away
2008,Eagles,1,Away
2008,Patriots,0,Away
2008,Steelers,1,Away
2008,Broncos,1,Away
2008,Bills,0,Away
2008,Ravens,1,Away
2008,Rams,0,Away
2008,Packers,0,Away
2008,Saints,0,Away
2008,Jaguars,1,Away
2008,Titans,1,Away
2008,Seahawks,0,Away
2008,Panthers,1,Away
2008,Colts,1,Away
2008,Chiefs,0,Away
2008,Giants,1,Away
2008,49ers,0,Away
2008,Jets,1,Away
2008,Lions,0,Away
2008,Vikings,0,Away
2008,Ravens,0,Away
2008,Raiders,0,Away
2008,Broncos,1,Away
2008,Texans,0,Away
2008,Bears,0,Away
2008,Eagles,0,Away
2008,Saints,1,Away
2008,Rams,0,Away
2008,Cardinals,1,Away
2008,Titans,1,Away
2008,Chargers,0,Away
2008,Cowboys,1,Away
2008,Browns,1,Away
2008,Bengals,0,Away
2008,Vikings,1,Away
2008,Patriots,1,Away
2008,Bears,1,Away
2008,Bills,1,Away
2008,Eagles,0,Away
2008,Buccaneers,1,Away
2008,49ers,0,Away
2008,Texans,1,Away
2008,Jets,1,Away
2008,Raiders,1,Away
2008,Panthers,0,Away
2008,Giants,1,Away
2008,Commanders,1,Away
2008,Colts,1,Away
2008,Packers,0,Away
2008,Titans,1,Away
2008,Seahawks,0,Away
2008,Cardinals,0,Away
2008,Saints,0,Away
2008,Giants,1,Away
2008,Dolphins,1,Away
2008,Ravens,1,Away
2008,Colts,1,Away
2008,49ers,1,Away
2008,Panthers,1,Away
2008,Falcons,1,Away
2008,Chiefs,1,Away
2008,Steelers,1,Away
2008,Broncos,1,Away
2008,Bears,0,Away
2008,Jaguars,0,Away
2008,Raiders,0,Away
2008,Eagles,1,Away
2008,Falcons,0,Away
2008,Bengals,0,Away
2008,Jaguars,0,Away
2008,Texans,1,Away
2008,Vikings,1,Away
2008,Browns,0,Away
2008,Dolphins,1,Away
2008,Chiefs,0,Away
2008,Jets,0,Away
2008,Patriots,1,Away
2008,Cowboys,0,Away
2008,Rams,0,Away
2008,Commanders,0,Away
2008,Buccaneers,0,Away
2008,Saints,0,Away
2008,Packers,0,Away
2008,Bills,0,Away
2008,49ers,0,Away
2008,Seahawks,1,Away
2008,Titans,0,Away
2008,Lions,0,Away
2008,Commanders,0,Away
2008,Buccaneers,0,Away
2008,Chargers,1,Away
2008,Vikings,1,Away
2008,Patriots,1,Away
2008,Broncos,0,Away
2008,Steelers,1,Away
2008,Giants,0,Away
2008,Browns,0,Away
2008,Colts,1,Away
2008,Ravens,1,Away
2008,Cardinals,0,Away
2008,Chargers,1,Away
2008,49ers,1,Away
2008,Saints,1,Away
2008,Steelers,0,Away
2008,Dolphins,1,Away
2008,Bengals,1,Away
2008,Bills,1,Away
2008,Texans,0,Away
2008,Jets,0,Away
2008,Falcons,1,Away
2008,Eagles,0,Away
2008,Panthers,0,Away
2008,Packers,0,Away
2008,Rams,0,Away
2008,Patriots,1,Away
2008,Chiefs,0,Away
2008,Lions,0,Away
2008,Titans,0,Away
2008,Giants,0,Away
2008,Panthers,1,Away
2008,Browns,0,Away
2008,Raiders,1,Away
2008,Bears,0,Away
2008,Jaguars,0,Away
2008,Commanders,0,Away
2008,Cowboys,0,Away
2008,Seahawks,0,Away
2008,Dolphins,1,Away
2008,Broncos,0,Away
2008,Falcons,0,Away
2008,Colts,0,Away
2008,Ravens,1,Away
2008,Eagles,1,Away
2008,Ravens,1,Away
2008,Cardinals,1,Away
2008,Eagles,1,Away
2008,Chargers,0,Away
2008,Eagles,0,Away
2008,Ravens,0,Away
2008,Steelers,1,Away
2009,Titans,0,Away
2009,Jets,1,Away
2009,Chiefs,0,Away
2009,Cowboys,1,Away
2009,Lions,0,Away
2009,Eagles,1,Away
2009,Vikings,1,Away
2009,Broncos,1,Away
2009,Dolphins,0,Away
2009,Jaguars,0,Away
2009,Commanders,0,Away
2009,49ers,1,Away
2009,Rams,0,Away
2009,Bears,0,Away
2009,Bills,0,Away
2009,Chargers,1,Away
2009,Cardinals,1,Away
2009,Rams,0,Away
2009,Saints,1,Away
2009,Patriots,0,Away
2009,Vikings,1,Away
2009,Texans,1,Away
2009,Bengals,1,Away
2009,Panthers,0,Away
2009,Raiders,1,Away
2009,Buccaneers,0,Away
2009,Seahawks,0,Away
2009,Browns,0,Away
2009,Steelers,0,Away
2009,Ravens,1,Away
2009,Giants,1,Away
2009,Colts,1,Away
2009,Browns,0,Away
2009,Giants,1,Away
2009,Chiefs,0,Away
2009,Titans,0,Away
2009,Jaguars,1,Away
2009,49ers,0,Away
2009,Packers,1,Away
2009,Commanders,0,Away
2009,Falcons,0,Away
2009,Saints,1,Away
2009,Bears,1,Away
2009,Steelers,0,Away
2009,Broncos,1,Away
2009,Dolphins,0,Away
2009,Colts,1,Away
2009,Panthers,0,Away
2009,Titans,0,Away
2009,Raiders,0,Away
2009,Buccaneers,0,Away
2009,Ravens,0,Away
2009,Seahawks,0,Away
2009,Bengals,1,Away
2009,Lions,0,Away
2009,Giants,1,Away
2009,Bills,0,Away
2009,Jets,0,Away
2009,Cowboys,0,Away
2009,Rams,0,Away
2009,Chargers,0,Away
2009,Packers,0,Away
2009,Bengals,1,Away
2009,Commanders,0,Away
2009,Buccaneers,0,Away
2009,Raiders,0,Away
2009,Steelers,1,Away
2009,Cowboys,1,Away
2009,Browns,1,Away
2009,Vikings,1,Away
2009,Falcons,1,Away
2009,Texans,0,Away
2009,Jaguars,0,Away
2009,Patriots,0,Away
2009,Colts,1,Away
2009,Jets,0,Away
2009,Texans,1,Away
2009,Lions,0,Away
2009,Ravens,0,Away
2009,Giants,0,Away
2009,Browns,0,Away
2009,Panthers,1,Away
2009,Chiefs,1,Away
2009,Rams,0,Away
2009,Cardinals,1,Away
2009,Eagles,0,Away
2009,Titans,0,Away
2009,Bills,1,Away
2009,Bears,0,Away
2009,Broncos,1,Away
2009,Patriots,1,Away
2009,Packers,1,Away
2009,Chargers,1,Away
2009,Colts,1,Away
2009,Vikings,0,Away
2009,49ers,0,Away
2009,Bills,1,Away
2009,Jets,1,Away
2009,Bears,0,Away
2009,Falcons,0,Away
2009,Saints,1,Away
2009,Cardinals,1,Away
2009,Eagles,1,Away
2009,49ers,0,Away
2009,Broncos,0,Away
2009,Giants,0,Away
2009,Dolphins,1,Away
2009,Rams,1,Away
2009,Seahawks,0,Away
2009,Browns,0,Away
2009,Texans,1,Away
2009,Jaguars,0,Away
2009,Raiders,0,Away
2009,Vikings,1,Away
2009,Panthers,1,Away
2009,Falcons,0,Away
2009,Packers,0,Away
2009,Chiefs,0,Away
2009,Dolphins,0,Away
2009,Texans,0,Away
2009,Ravens,0,Away
2009,Cardinals,1,Away
2009,Commanders,0,Away
2009,Panthers,0,Away
2009,Lions,0,Away
2009,Chargers,1,Away
2009,Titans,1,Away
2009,Cowboys,1,Away
2009,Steelers,1,Away
2009,Bears,0,Away
2009,Bills,0,Away
2009,Saints,1,Away
2009,Buccaneers,0,Away
2009,Lions,0,Away
2009,Jaguars,1,Away
2009,Bengals,1,Away
2009,Broncos,0,Away
2009,Falcons,0,Away
2009,Chiefs,1,Away
2009,Seahawks,0,Away
2009,Eagles,0,Away
2009,Cowboys,0,Away
2009,Patriots,0,Away
2009,Ravens,1,Away
2009,Dolphins,1,Away
2009,Saints,1,Away
2009,Colts,1,Away
2009,Bills,0,Away
2009,Seahawks,0,Away
2009,Falcons,0,Away
2009,49ers,0,Away
2009,Browns,0,Away
2009,Commanders,0,Away
2009,Steelers,0,Away
2009,Cardinals,1,Away
2009,Chargers,1,Away
2009,Bengals,0,Away
2009,Jets,0,Away
2009,Eagles,1,Away
2009,Titans,1,Away
2009,Packers,1,Away
2009,Raiders,0,Away
2009,Giants,0,Away
2009,Colts,1,Away
2009,Panthers,0,Away
2009,Seahawks,1,Away
2009,Commanders,0,Away
2009,Dolphins,0,Away
2009,Browns,0,Away
2009,Buccaneers,0,Away
2009,Chiefs,0,Away
2009,Jaguars,0,Away
2009,Cardinals,0,Away
2009,Bears,0,Away
2009,Steelers,0,Away
2009,Patriots,0,Away
2009,Jets,1,Away
2009,Buccaneers,0,Away
2009,Saints,1,Away
2009,Raiders,1,Away
2009,Patriots,0,Away
2009,Eagles,1,Away
2009,Titans,0,Away
2009,Lions,0,Away
2009,Rams,0,Away
2009,Texans,0,Away
2009,Broncos,1,Away
2009,Chargers,1,Away
2009,49ers,0,Away
2009,Cowboys,0,Away
2009,Vikings,0,Away
2009,Ravens,0,Away
2009,Steelers,0,Away
2009,Dolphins,1,Away
2009,Seahawks,0,Away
2009,Lions,0,Away
2009,Panthers,0,Away
2009,Jets,1,Away
2009,Bills,1,Away
2009,Broncos,0,Away
2009,Packers,1,Away
2009,Saints,1,Away
2009,Bengals,0,Away
2009,Rams,0,Away
2009,Commanders,1,Away
2009,Chargers,1,Away
2009,Eagles,1,Away
2009,Cardinals,0,Away
2009,Colts,1,Away
2009,Cowboys,1,Away
2009,Texans,1,Away
2009,Falcons,1,Away
2009,Browns,1,Away
2009,Dolphins,0,Away
2009,Cardinals,1,Away
2009,Patriots,1,Away
2009,Raiders,1,Away
2009,Bengals,0,Away
2009,49ers,0,Away
2009,Packers,0,Away
2009,Buccaneers,1,Away
2009,Bears,0,Away
2009,Vikings,0,Away
2009,Giants,1,Away
2009,Chargers,1,Away
2009,Ravens,0,Away
2009,Panthers,1,Away
2009,Buccaneers,1,Away
2009,Jaguars,0,Away
2009,Bills,0,Away
2009,Seahawks,0,Away
2009,Raiders,0,Away
2009,Chiefs,0,Away
2009,Texans,1,Away
2009,Lions,0,Away
2009,Rams,0,Away
2009,Broncos,0,Away
2009,Jets,1,Away
2009,Cowboys,1,Away
2009,Vikings,0,Away
2009,Saints,0,Away
2009,Falcons,1,Away
2009,Giants,0,Away
2009,Steelers,1,Away
2009,Patriots,0,Away
2009,Bears,1,Away
2009,Jaguars,0,Away
2009,Colts,0,Away
2009,49ers,1,Away
2009,Eagles,0,Away
2009,Chiefs,1,Away
2009,Ravens,1,Away
2009,Packers,1,Away
2009,Commanders,0,Away
2009,Titans,1,Away
2009,Bengals,0,Away
2009,Jets,1,Away
2009,Eagles,0,Away
2009,Ravens,1,Away
2009,Packers,0,Away
2009,Cardinals,0,Away
2009,Ravens,0,Away
2009,Cowboys,0,Away
2009,Jets,1,Away
2009,Jets,0,Away
2009,Vikings,0,Away
2009,Saints,1,Away
2010,Vikings,0,Away
2010,Colts,0,Away
2010,Broncos,0,Away
2010,Browns,0,Away
2010,Falcons,0,Away
2010,Raiders,0,Away
2010,Bengals,0,Away
2010,Lions,0,Away
2010,Dolphins,1,Away
2010,Panthers,0,Away
2010,49ers,0,Away
2010,Cardinals,1,Away
2010,Packers,1,Away
2010,Cowboys,0,Away
2010,Ravens,1,Away
2010,Chargers,0,Away
2010,Cardinals,0,Away
2010,Ravens,0,Away
2010,Chiefs,1,Away
2010,Bears,1,Away
2010,Eagles,1,Away
2010,Bills,0,Away
2010,Steelers,1,Away
2010,Dolphins,1,Away
2010,Buccaneers,1,Away
2010,Rams,0,Away
2010,Seahawks,0,Away
2010,Patriots,0,Away
2010,Jaguars,0,Away
2010,Texans,1,Away
2010,Giants,0,Away
2010,Saints,1,Away
2010,Cowboys,1,Away
2010,Browns,0,Away
2010,Steelers,1,Away
2010,Titans,1,Away
2010,Bengals,1,Away
2010,Bills,0,Away
2010,Falcons,1,Away
2010,Lions,0,Away
2010,49ers,0,Away
2010,Commanders,0,Away
2010,Eagles,1,Away
2010,Colts,1,Away
2010,Raiders,0,Away
2010,Chargers,0,Away
2010,Jets,1,Away
2010,Packers,0,Away
2010,Ravens,1,Away
2010,Panthers,0,Away
2010,Seahawks,0,Away
2010,Broncos,1,Away
2010,49ers,0,Away
2010,Bengals,0,Away
2010,Jets,1,Away
2010,Lions,0,Away
2010,Texans,1,Away
2010,Colts,0,Away
2010,Commanders,1,Away
2010,Cardinals,0,Away
2010,Bears,0,Away
2010,Patriots,1,Away
2010,Jaguars,1,Away
2010,Buccaneers,1,Away
2010,Falcons,1,Away
2010,Rams,0,Away
2010,Chiefs,0,Away
2010,Packers,0,Away
2010,Bears,1,Away
2010,Broncos,0,Away
2010,Giants,1,Away
2010,Saints,0,Away
2010,Chargers,0,Away
2010,Titans,1,Away
2010,Eagles,1,Away
2010,Vikings,0,Away
2010,Seahawks,1,Away
2010,Dolphins,1,Away
2010,Chargers,0,Away
2010,Ravens,0,Away
2010,Lions,0,Away
2010,Falcons,0,Away
2010,Browns,0,Away
2010,Saints,1,Away
2010,Chiefs,0,Away
2010,Jets,1,Away
2010,Raiders,0,Away
2010,Cowboys,0,Away
2010,Colts,1,Away
2010,Titans,1,Away
2010,Bills,0,Away
2010,Rams,0,Away
2010,Browns,1,Away
2010,Steelers,1,Away
2010,49ers,0,Away
2010,Eagles,0,Away
2010,Commanders,1,Away
2010,Bengals,0,Away
2010,Jaguars,0,Away
2010,Cardinals,0,Away
2010,Raiders,1,Away
2010,Patriots,1,Away
2010,Vikings,0,Away
2010,Giants,1,Away
2010,Panthers,0,Away
2010,Packers,1,Away
2010,Bills,0,Away
2010,Broncos,0,Away
2010,Jaguars,1,Away
2010,Dolphins,1,Away
2010,Commanders,0,Away
2010,Titans,0,Away
2010,Seahawks,0,Away
2010,Vikings,0,Away
2010,Buccaneers,1,Away
2010,Steelers,0,Away
2010,Texans,0,Away
2010,Chargers,1,Away
2010,Dolphins,0,Away
2010,Saints,1,Away
2010,Cardinals,0,Away
2010,Jets,1,Away
2010,Bears,1,Away
2010,Buccaneers,0,Away
2010,Patriots,0,Away
2010,Giants,1,Away
2010,Chiefs,0,Away
2010,Colts,0,Away
2010,Cowboys,0,Away
2010,Steelers,1,Away
2010,Ravens,0,Away
2010,Panthers,0,Away
2010,Texans,0,Away
2010,Titans,0,Away
2010,Bengals,0,Away
2010,Jets,1,Away
2010,Vikings,0,Away
2010,Lions,0,Away
2010,Chiefs,0,Away
2010,Cowboys,1,Away
2010,Seahawks,1,Away
2010,Rams,0,Away
2010,Patriots,1,Away
2010,Eagles,1,Away
2010,Bears,1,Away
2010,Browns,0,Away
2010,Ravens,1,Away
2010,Raiders,0,Away
2010,Texans,0,Away
2010,Bills,1,Away
2010,Cardinals,0,Away
2010,Commanders,1,Away
2010,Lions,0,Away
2010,Packers,1,Away
2010,Seahawks,0,Away
2010,Falcons,1,Away
2010,Buccaneers,1,Away
2010,Colts,0,Away
2010,Giants,0,Away
2010,Broncos,0,Away
2010,Patriots,1,Away
2010,Saints,1,Away
2010,Bengals,0,Away
2010,Packers,0,Away
2010,Steelers,1,Away
2010,Panthers,0,Away
2010,Jaguars,0,Away
2010,Vikings,1,Away
2010,Titans,0,Away
2010,Chiefs,1,Away
2010,Dolphins,1,Away
2010,Eagles,0,Away
2010,Rams,1,Away
2010,Buccaneers,0,Away
2010,Chargers,1,Away
2010,49ers,1,Away
2010,Texans,0,Away
2010,Commanders,0,Away
2010,Bills,0,Away
2010,Browns,1,Away
2010,Broncos,0,Away
2010,49ers,0,Away
2010,Bears,1,Away
2010,Saints,1,Away
2010,Jaguars,1,Away
2010,Raiders,1,Away
2010,Cowboys,1,Away
2010,Rams,1,Away
2010,Panthers,0,Away
2010,Falcons,1,Away
2010,Steelers,1,Away
2010,Jets,0,Away
2010,Colts,1,Away
2010,Raiders,0,Away
2010,Falcons,1,Away
2010,Buccaneers,1,Away
2010,Browns,0,Away
2010,Packers,0,Away
2010,Bengals,0,Away
2010,Rams,0,Away
2010,Seahawks,0,Away
2010,Dolphins,1,Away
2010,Broncos,0,Away
2010,Patriots,1,Away
2010,Chiefs,0,Away
2010,Eagles,1,Away
2010,Giants,1,Away
2010,Ravens,1,Away
2010,49ers,0,Away
2010,Saints,0,Away
2010,Cardinals,0,Away
2010,Lions,1,Away
2010,Eagles,1,Away
2010,Bills,1,Away
2010,Jaguars,0,Away
2010,Texans,0,Away
2010,Commanders,0,Away
2010,Browns,0,Away
2010,Chiefs,1,Away
2010,Falcons,1,Away
2010,Broncos,0,Away
2010,Jets,1,Away
2010,Packers,0,Away
2010,Bears,1,Away
2010,Panthers,0,Away
2010,Cowboys,0,Away
2010,Lions,1,Away
2010,Commanders,1,Away
2010,49ers,0,Away
2010,Patriots,1,Away
2010,Ravens,1,Away
2010,Jets,0,Away
2010,Titans,0,Away
2010,Chargers,0,Away
2010,Texans,0,Away
2010,Colts,1,Away
2010,Giants,0,Away
2010,Seahawks,0,Away
2010,Saints,1,Away
2010,Vikings,1,Away
2010,Bengals,0,Away
2010,Bills,0,Away
2010,Buccaneers,1,Away
2010,Dolphins,0,Away
2010,Panthers,0,Away
2010,Vikings,0,Away
2010,Steelers,1,Away
2010,Raiders,1,Away
2010,Giants,1,Away
2010,Jaguars,0,Away
2010,Cardinals,0,Away
2010,Chargers,1,Away
2010,Titans,0,Away
2010,Bears,0,Away
2010,Cowboys,1,Away
2010,Rams,0,Away
2010,Saints,0,Away
2010,Jets,1,Away
2010,Ravens,1,Away
2010,Packers,1,Away
2010,Ravens,0,Away
2010,Packers,1,Away
2010,Seahawks,0,Away
2010,Jets,1,Away
2010,Packers,1,Away
2010,Jets,0,Away
2010,Steelers,0,Away
2011,Saints,0,Away
2011,Steelers,0,Away
2011,Colts,0,Away
2011,Titans,0,Away
2011,Lions,1,Away
2011,Eagles,1,Away
2011,Bills,1,Away
2011,Bengals,1,Away
2011,Falcons,0,Away
2011,Panthers,0,Away
2011,Vikings,0,Away
2011,Seahawks,0,Away
2011,Giants,0,Away
2011,Cowboys,0,Away
2011,Patriots,1,Away
2011,Raiders,1,Away
2011,Packers,1,Away
2011,Cardinals,0,Away
2011,Seahawks,0,Away
2011,Jaguars,0,Away
2011,Bears,0,Away
2011,Raiders,0,Away
2011,Browns,1,Away
2011,Ravens,0,Away
2011,Chiefs,0,Away
2011,Buccaneers,1,Away
2011,Cowboys,1,Away
2011,Chargers,0,Away
2011,Texans,1,Away
2011,Bengals,0,Away
2011,Eagles,0,Away
2011,Rams,0,Away
2011,Patriots,0,Away
2011,49ers,1,Away
2011,Dolphins,0,Away
2011,Broncos,0,Away
2011,Lions,1,Away
2011,Texans,0,Away
2011,Giants,1,Away
2011,Jaguars,0,Away
2011,Chiefs,0,Away
2011,Jets,0,Away
2011,Ravens,1,Away
2011,Packers,1,Away
2011,Cardinals,0,Away
2011,Falcons,0,Away
2011,Steelers,1,Away
2011,Commanders,0,Away
2011,49ers,1,Away
2011,Steelers,0,Away
2011,Saints,1,Away
2011,Commanders,1,Away
2011,Lions,1,Away
2011,Titans,1,Away
2011,Bills,0,Away
2011,Panthers,0,Away
2011,Vikings,0,Away
2011,Giants,1,Away
2011,Falcons,1,Away
2011,Broncos,0,Away
2011,Patriots,1,Away
2011,Dolphins,0,Away
2011,Jets,0,Away
2011,Colts,0,Away
2011,Eagles,0,Away
2011,Chiefs,1,Away
2011,Cardinals,0,Away
2011,Seahawks,1,Away
2011,Titans,0,Away
2011,Saints,1,Away
2011,Bengals,1,Away
2011,Raiders,1,Away
2011,Buccaneers,0,Away
2011,Chargers,1,Away
2011,Jets,0,Away
2011,Packers,1,Away
2011,Bears,0,Away
2011,Panthers,0,Away
2011,Colts,0,Away
2011,49ers,1,Away
2011,Rams,0,Away
2011,Bills,0,Away
2011,Jaguars,0,Away
2011,Eagles,1,Away
2011,Browns,0,Away
2011,Texans,0,Away
2011,Cowboys,0,Away
2011,Saints,0,Away
2011,Vikings,0,Away
2011,Dolphins,0,Away
2011,Chargers,0,Away
2011,Broncos,1,Away
2011,Commanders,0,Away
2011,Falcons,1,Away
2011,Seahawks,0,Away
2011,Texans,1,Away
2011,Bears,1,Away
2011,Steelers,1,Away
2011,Chiefs,1,Away
2011,Rams,0,Away
2011,Packers,1,Away
2011,Colts,0,Away
2011,Ravens,0,Away
2011,Cardinals,0,Away
2011,Vikings,1,Away
2011,Jaguars,0,Away
2011,Saints,0,Away
2011,Colts,0,Away
2011,Dolphins,0,Away
2011,Commanders,0,Away
2011,Lions,1,Away
2011,Patriots,0,Away
2011,Browns,0,Away
2011,Bengals,1,Away
2011,Cowboys,0,Away
2011,Chargers,0,Away
2011,49ers,1,Away
2011,Browns,0,Away
2011,Dolphins,1,Away
2011,Buccaneers,0,Away
2011,Seahawks,0,Away
2011,Jets,1,Away
2011,Falcons,1,Away
2011,Bengals,1,Away
2011,Broncos,1,Away
2011,Giants,1,Away
2011,Rams,0,Away
2011,Packers,1,Away
2011,Ravens,1,Away
2011,Bears,1,Away
2011,Raiders,1,Away
2011,Cardinals,1,Away
2011,Commanders,0,Away
2011,Broncos,1,Away
2011,Jaguars,1,Away
2011,Saints,1,Away
2011,Rams,1,Away
2011,Steelers,1,Away
2011,Texans,1,Away
2011,Bills,0,Away
2011,Titans,1,Away
2011,Ravens,0,Away
2011,Giants,0,Away
2011,Lions,0,Away
2011,Patriots,1,Away
2011,Vikings,0,Away
2011,Jets,0,Away
2011,Jaguars,0,Away
2011,Panthers,0,Away
2011,Buccaneers,0,Away
2011,Bills,0,Away
2011,Raiders,1,Away
2011,Cowboys,1,Away
2011,Bengals,0,Away
2011,Cardinals,0,Away
2011,Seahawks,1,Away
2011,Titans,0,Away
2011,Chargers,0,Away
2011,Eagles,1,Away
2011,Chiefs,0,Away
2011,Packers,1,Away
2011,Dolphins,0,Away
2011,49ers,0,Away
2011,Texans,1,Away
2011,Bills,0,Away
2011,Cardinals,1,Away
2011,Buccaneers,0,Away
2011,Browns,0,Away
2011,Vikings,0,Away
2011,Panthers,1,Away
2011,Bears,0,Away
2011,Commanders,1,Away
2011,Patriots,1,Away
2011,Broncos,1,Away
2011,Steelers,1,Away
2011,Giants,0,Away
2011,Eagles,0,Away
2011,Jets,1,Away
2011,Panthers,1,Away
2011,Bengals,0,Away
2011,Colts,0,Away
2011,Falcons,0,Away
2011,Raiders,0,Away
2011,Chiefs,1,Away
2011,Titans,1,Away
2011,Broncos,1,Away
2011,Ravens,1,Away
2011,Cowboys,0,Away
2011,Packers,1,Away
2011,Rams,0,Away
2011,Lions,0,Away
2011,Chargers,1,Away
2011,Browns,0,Away
2011,Texans,1,Away
2011,Vikings,0,Away
2011,Saints,1,Away
2011,Eagles,1,Away
2011,Chiefs,0,Away
2011,Patriots,1,Away
2011,Falcons,1,Away
2011,Buccaneers,0,Away
2011,Colts,0,Away
2011,49ers,0,Away
2011,Bears,0,Away
2011,Raiders,0,Away
2011,Bills,0,Away
2011,Giants,1,Away
2011,Rams,0,Away
2011,Jaguars,0,Away
2011,Cowboys,1,Away
2011,Panthers,1,Away
2011,Commanders,1,Away
2011,Saints,1,Away
2011,Bengals,1,Away
2011,Packers,0,Away
2011,Titans,0,Away
2011,Seahawks,1,Away
2011,Dolphins,1,Away
2011,Lions,1,Away
2011,Patriots,1,Away
2011,Jets,0,Away
2011,Browns,0,Away
2011,Ravens,0,Away
2011,Steelers,0,Away
2011,Texans,0,Away
2011,Browns,0,Away
2011,Buccaneers,0,Away
2011,Vikings,1,Away
2011,Rams,0,Away
2011,Giants,1,Away
2011,Broncos,0,Away
2011,Raiders,1,Away
2011,Jaguars,0,Away
2011,Cardinals,0,Away
2011,Dolphins,0,Away
2011,Chargers,0,Away
2011,49ers,1,Away
2011,Eagles,1,Away
2011,Bears,0,Away
2011,Falcons,0,Away
2011,Colts,0,Away
2011,Commanders,0,Away
2011,Panthers,0,Away
2011,Bills,0,Away
2011,Titans,1,Away
2011,Jets,0,Away
2011,49ers,1,Away
2011,Lions,0,Away
2011,Bears,1,Away
2011,Buccaneers,0,Away
2011,Ravens,1,Away
2011,Steelers,1,Away
2011,Chiefs,1,Away
2011,Chargers,1,Away
2011,Seahawks,0,Away
2011,Cowboys,0,Away
2011,Bengals,0,Away
2011,Lions,0,Away
2011,Falcons,0,Away
2011,Steelers,0,Away
2011,Saints,0,Away
2011,Broncos,0,Away
2011,Texans,0,Away
2011,Giants,1,Away
2011,Ravens,0,Away
2011,Giants,1,Away
2011,Giants,1,Away
2012,Cowboys,1,Away
2012,Dolphins,0,Away
2012,Bills,0,Away
2012,Commanders,1,Away
2012,Jaguars,0,Away
2012,Patriots,1,Away
2012,Rams,0,Away
2012,Eagles,1,Away
2012,Colts,0,Away
2012,Falcons,1,Away
2012,49ers,1,Away
2012,Seahawks,0,Away
2012,Panthers,0,Away
2012,Steelers,0,Away
2012,Bengals,0,Away
2012,Chargers,1,Away
2012,Bears,0,Away
2012,Chiefs,0,Away
2012,Browns,0,Away
2012,Vikings,0,Away
2012,Raiders,0,Away
2012,Cardinals,1,Away
2012,Buccaneers,0,Away
2012,Ravens,0,Away
2012,Saints,0,Away
2012,Texans,1,Away
2012,Cowboys,0,Away
2012,Commanders,0,Away
2012,Jets,0,Away
2012,Titans,0,Away
2012,Lions,0,Away
2012,Broncos,0,Away
2012,Giants,1,Away
2012,Bengals,1,Away
2012,Chiefs,1,Away
2012,Jets,1,Away
2012,Jaguars,1,Away
2012,49ers,0,Away
2012,Buccaneers,0,Away
2012,Bills,1,Away
2012,Rams,0,Away
2012,Lions,0,Away
2012,Eagles,0,Away
2012,Falcons,1,Away
2012,Texans,1,Away
2012,Steelers,0,Away
2012,Patriots,0,Away
2012,Packers,0,Away
2012,Browns,0,Away
2012,Titans,0,Away
2012,49ers,1,Away
2012,Seahawks,0,Away
2012,Panthers,0,Away
2012,Vikings,1,Away
2012,Patriots,1,Away
2012,Chargers,1,Away
2012,Raiders,0,Away
2012,Dolphins,0,Away
2012,Bengals,1,Away
2012,Commanders,1,Away
2012,Saints,0,Away
2012,Giants,0,Away
2012,Bears,1,Away
2012,Cardinals,0,Away
2012,Dolphins,1,Away
2012,Packers,0,Away
2012,Ravens,1,Away
2012,Browns,0,Away
2012,Eagles,0,Away
2012,Falcons,1,Away
2012,Seahawks,1,Away
2012,Bears,1,Away
2012,Broncos,0,Away
2012,Bills,0,Away
2012,Titans,0,Away
2012,Chargers,0,Away
2012,Texans,1,Away
2012,Steelers,0,Away
2012,Cowboys,0,Away
2012,Raiders,0,Away
2012,Bengals,0,Away
2012,Rams,0,Away
2012,Colts,0,Away
2012,Lions,1,Away
2012,Chiefs,0,Away
2012,Patriots,0,Away
2012,Bills,1,Away
2012,Giants,1,Away
2012,Vikings,0,Away
2012,Packers,1,Away
2012,Broncos,1,Away
2012,Seahawks,0,Away
2012,Ravens,0,Away
2012,Cowboys,1,Away
2012,Commanders,0,Away
2012,Saints,1,Away
2012,Packers,1,Away
2012,Browns,0,Away
2012,Titans,1,Away
2012,Cardinals,0,Away
2012,Jaguars,0,Away
2012,Jets,0,Away
2012,Steelers,1,Away
2012,Lions,0,Away
2012,Buccaneers,1,Away
2012,Dolphins,1,Away
2012,Commanders,0,Away
2012,Falcons,1,Away
2012,Patriots,1,Away
2012,Jaguars,0,Away
2012,Colts,1,Away
2012,Seahawks,0,Away
2012,Chargers,0,Away
2012,Panthers,0,Away
2012,Raiders,1,Away
2012,Giants,1,Away
2012,Saints,0,Away
2012,49ers,1,Away
2012,Chiefs,0,Away
2012,Bills,0,Away
2012,Lions,1,Away
2012,Panthers,1,Away
2012,Dolphins,0,Away
2012,Broncos,1,Away
2012,Cardinals,0,Away
2012,Ravens,1,Away
2012,Bears,1,Away
2012,Buccaneers,1,Away
2012,Vikings,0,Away
2012,Steelers,1,Away
2012,Cowboys,0,Away
2012,Eagles,0,Away
2012,Colts,1,Away
2012,Raiders,0,Away
2012,Broncos,1,Away
2012,Falcons,0,Away
2012,Chargers,0,Away
2012,Lions,0,Away
2012,Titans,1,Away
2012,Giants,0,Away
2012,Bills,0,Away
2012,Jets,0,Away
2012,Cowboys,1,Away
2012,Rams,0,Away
2012,Texans,1,Away
2012,Chiefs,0,Away
2012,Dolphins,0,Away
2012,Buccaneers,1,Away
2012,Jaguars,0,Away
2012,Eagles,0,Away
2012,Jets,1,Away
2012,Packers,1,Away
2012,Browns,0,Away
2012,Cardinals,0,Away
2012,Bengals,1,Away
2012,Saints,1,Away
2012,Chargers,0,Away
2012,Colts,0,Away
2012,Ravens,1,Away
2012,Bears,0,Away
2012,Texans,1,Away
2012,Commanders,1,Away
2012,Patriots,1,Away
2012,Titans,0,Away
2012,Seahawks,0,Away
2012,Broncos,1,Away
2012,Bills,0,Away
2012,Falcons,1,Away
2012,Raiders,0,Away
2012,Vikings,0,Away
2012,Steelers,0,Away
2012,Ravens,1,Away
2012,49ers,1,Away
2012,Rams,1,Away
2012,Packers,0,Away
2012,Panthers,1,Away
2012,Saints,0,Away
2012,Cardinals,0,Away
2012,Patriots,1,Away
2012,49ers,0,Away
2012,Panthers,0,Away
2012,Colts,1,Away
2012,Vikings,0,Away
2012,Seahawks,1,Away
2012,Jaguars,0,Away
2012,Texans,1,Away
2012,Buccaneers,0,Away
2012,Steelers,1,Away
2012,Browns,1,Away
2012,Bengals,1,Away
2012,Eagles,0,Away
2012,Giants,0,Away
2012,Broncos,1,Away
2012,Falcons,0,Away
2012,Ravens,0,Away
2012,Jets,1,Away
2012,Eagles,1,Away
2012,Chargers,1,Away
2012,Bears,0,Away
2012,Titans,0,Away
2012,Chiefs,0,Away
2012,Cowboys,1,Away
2012,Rams,1,Away
2012,Dolphins,0,Away
2012,Saints,0,Away
2012,Cardinals,0,Away
2012,Lions,0,Away
2012,Texans,0,Away
2012,Bengals,1,Away
2012,Giants,0,Away
2012,Packers,1,Away
2012,Commanders,1,Away
2012,Vikings,1,Away
2012,Jaguars,0,Away
2012,Buccaneers,0,Away
2012,Broncos,1,Away
2012,Colts,0,Away
2012,Seahawks,1,Away
2012,Lions,0,Away
2012,Panthers,1,Away
2012,Chiefs,0,Away
2012,Steelers,0,Away
2012,49ers,1,Away
2012,Jets,0,Away
2012,Falcons,1,Away
2012,Commanders,1,Away
2012,Vikings,1,Away
2012,Patriots,1,Away
2012,Raiders,0,Away
2012,Rams,1,Away
2012,Bengals,1,Away
2012,Chargers,1,Away
2012,Bills,0,Away
2012,Colts,1,Away
2012,Titans,0,Away
2012,Saints,1,Away
2012,Browns,0,Away
2012,Bears,1,Away
2012,Giants,0,Away
2012,49ers,0,Away
2012,Eagles,0,Away
2012,Ravens,0,Away
2012,Panthers,1,Away
2012,Browns,0,Away
2012,Texans,0,Away
2012,Buccaneers,1,Away
2012,Bears,1,Away
2012,Jets,0,Away
2012,Jaguars,0,Away
2012,Cardinals,0,Away
2012,Raiders,0,Away
2012,Rams,0,Away
2012,Packers,0,Away
2012,Chiefs,0,Away
2012,Dolphins,0,Away
2012,Cowboys,0,Away
2012,Bengals,0,Away
2012,Vikings,0,Away
2012,Colts,0,Away
2012,Seahawks,1,Away
2012,Ravens,1,Away
2012,Packers,0,Away
2012,Seahawks,0,Away
2012,Texans,0,Away
2012,49ers,1,Away
2012,Ravens,1,Away
2012,Ravens,1,Away
2013,Ravens,0,Away
2013,Chiefs,1,Away
2013,Seahawks,1,Away
2013,Titans,1,Away
2013,Falcons,0,Away
2013,Buccaneers,0,Away
2013,Vikings,0,Away
2013,Dolphins,1,Away
2013,Bengals,0,Away
2013,Patriots,1,Away
2013,Raiders,0,Away
2013,Cardinals,0,Away
2013,Packers,0,Away
2013,Giants,0,Away
2013,Eagles,1,Away
2013,Texans,1,Away
2013,Jets,0,Away
2013,Cowboys,0,Away
2013,Chargers,1,Away
2013,Dolphins,1,Away
2013,Browns,0,Away
2013,Vikings,0,Away
2013,Panthers,0,Away
2013,Rams,0,Away
2013,Commanders,0,Away
2013,Titans,0,Away
2013,Saints,1,Away
2013,Lions,0,Away
2013,Jaguars,0,Away
2013,Broncos,1,Away
2013,49ers,0,Away
2013,Steelers,0,Away
2013,Chiefs,1,Away
2013,Texans,0,Away
2013,Giants,0,Away
2013,Cardinals,0,Away
2013,Buccaneers,0,Away
2013,Lions,1,Away
2013,Chargers,0,Away
2013,Rams,0,Away
2013,Packers,0,Away
2013,Browns,1,Away
2013,Falcons,0,Away
2013,Bills,0,Away
2013,Colts,1,Away
2013,Jaguars,0,Away
2013,Bears,1,Away
2013,Raiders,0,Away
2013,49ers,1,Away
2013,Cardinals,1,Away
2013,Seahawks,1,Away
2013,Colts,1,Away
2013,Steelers,0,Away
2013,Ravens,0,Away
2013,Bears,0,Away
2013,Bengals,0,Away
2013,Giants,0,Away
2013,Jets,0,Away
2013,Eagles,0,Away
2013,Commanders,1,Away
2013,Cowboys,0,Away
2013,Patriots,1,Away
2013,Dolphins,0,Away
2013,Bills,0,Away
2013,Saints,1,Away
2013,Patriots,0,Away
2013,Lions,0,Away
2013,Chiefs,1,Away
2013,Seahawks,0,Away
2013,Jaguars,0,Away
2013,Ravens,1,Away
2013,Eagles,1,Away
2013,Panthers,0,Away
2013,Broncos,1,Away
2013,Texans,0,Away
2013,Chargers,0,Away
2013,Jets,1,Away
2013,Giants,0,Away
2013,Rams,1,Away
2013,Eagles,1,Away
2013,Steelers,1,Away
2013,Packers,1,Away
2013,Raiders,0,Away
2013,Lions,1,Away
2013,Bengals,1,Away
2013,Panthers,1,Away
2013,Jaguars,0,Away
2013,Titans,0,Away
2013,Saints,0,Away
2013,Cardinals,0,Away
2013,Commanders,0,Away
2013,Colts,0,Away
2013,Seahawks,1,Away
2013,Bears,0,Away
2013,Chargers,1,Away
2013,Rams,0,Away
2013,Cowboys,1,Away
2013,Bills,1,Away
2013,Bengals,1,Away
2013,Buccaneers,0,Away
2013,Patriots,0,Away
2013,49ers,1,Away
2013,Browns,0,Away
2013,Texans,0,Away
2013,Ravens,0,Away
2013,Broncos,0,Away
2013,Vikings,0,Away
2013,Panthers,1,Away
2013,49ers,1,Away
2013,Giants,1,Away
2013,Bills,0,Away
2013,Cowboys,0,Away
2013,Browns,0,Away
2013,Dolphins,0,Away
2013,Jets,0,Away
2013,Steelers,0,Away
2013,Falcons,0,Away
2013,Commanders,0,Away
2013,Packers,1,Away
2013,Seahawks,1,Away
2013,Bengals,0,Away
2013,Chiefs,1,Away
2013,Vikings,0,Away
2013,Titans,1,Away
2013,Saints,0,Away
2013,Chargers,0,Away
2013,Falcons,0,Away
2013,Eagles,1,Away
2013,Buccaneers,0,Away
2013,Ravens,0,Away
2013,Steelers,0,Away
2013,Colts,1,Away
2013,Bears,1,Away
2013,Commanders,0,Away
2013,Seahawks,1,Away
2013,Lions,1,Away
2013,Eagles,1,Away
2013,Jaguars,1,Away
2013,Rams,1,Away
2013,Raiders,0,Away
2013,Bills,0,Away
2013,Bengals,0,Away
2013,Panthers,1,Away
2013,Broncos,1,Away
2013,Texans,0,Away
2013,Cowboys,0,Away
2013,Dolphins,0,Away
2013,Colts,1,Away
2013,Cardinals,1,Away
2013,Falcons,0,Away
2013,Lions,0,Away
2013,Raiders,1,Away
2013,Ravens,0,Away
2013,Jets,0,Away
2013,Commanders,0,Away
2013,Browns,0,Away
2013,Chargers,0,Away
2013,49ers,0,Away
2013,Packers,0,Away
2013,Vikings,0,Away
2013,Chiefs,0,Away
2013,Patriots,0,Away
2013,Saints,1,Away
2013,Panthers,1,Away
2013,Jaguars,1,Away
2013,Jets,0,Away
2013,Bears,0,Away
2013,Chargers,1,Away
2013,Vikings,0,Away
2013,Buccaneers,1,Away
2013,Steelers,1,Away
2013,Titans,1,Away
2013,Colts,0,Away
2013,Cowboys,1,Away
2013,Broncos,0,Away
2013,49ers,1,Away
2013,Packers,0,Away
2013,Raiders,0,Away
2013,Steelers,0,Away
2013,Jaguars,1,Away
2013,Titans,0,Away
2013,Bears,0,Away
2013,Dolphins,1,Away
2013,Cardinals,0,Away
2013,Buccaneers,0,Away
2013,Patriots,1,Away
2013,Falcons,1,Away
2013,Rams,0,Away
2013,Broncos,1,Away
2013,Bengals,1,Away
2013,Giants,1,Away
2013,Saints,0,Away
2013,Texans,0,Away
2013,Chiefs,1,Away
2013,Bills,0,Away
2013,Dolphins,1,Away
2013,Lions,0,Away
2013,Vikings,0,Away
2013,Browns,0,Away
2013,Falcons,0,Away
2013,Colts,0,Away
2013,Raiders,0,Away
2013,Titans,0,Away
2013,Rams,0,Away
2013,Giants,0,Away
2013,Seahawks,0,Away
2013,Panthers,0,Away
2013,Cowboys,0,Away
2013,Chargers,1,Away
2013,Seahawks,1,Away
2013,Bills,1,Away
2013,49ers,1,Away
2013,Eagles,0,Away
2013,Commanders,0,Away
2013,Texans,0,Away
2013,Bears,1,Away
2013,Patriots,0,Away
2013,Chiefs,1,Away
2013,Jets,0,Away
2013,Packers,1,Away
2013,Cardinals,1,Away
2013,Saints,0,Away
2013,Bengals,0,Away
2013,Ravens,1,Away
2013,Broncos,1,Away
2013,Titans,1,Away
2013,Saints,0,Away
2013,Cowboys,1,Away
2013,Dolphins,0,Away
2013,Buccaneers,0,Away
2013,Colts,1,Away
2013,Vikings,0,Away
2013,Browns,0,Away
2013,Cardinals,1,Away
2013,Giants,1,Away
2013,Patriots,1,Away
2013,Raiders,0,Away
2013,Steelers,1,Away
2013,Bears,0,Away
2013,Falcons,0,Away
2013,Commanders,0,Away
2013,Lions,0,Away
2013,Jets,1,Away
2013,Browns,0,Away
2013,Texans,0,Away
2013,Ravens,0,Away
2013,Panthers,1,Away
2013,Jaguars,0,Away
2013,Packers,1,Away
2013,Broncos,1,Away
2013,Bills,0,Away
2013,Buccaneers,0,Away
2013,49ers,1,Away
2013,Chiefs,0,Away
2013,Rams,0,Away
2013,Eagles,1,Away
2013,Chiefs,0,Away
2013,Saints,1,Away
2013,Chargers,1,Away
2013,49ers,1,Away
2013,Saints,0,Away
2013,Colts,0,Away
2013,49ers,1,Away
2013,Chargers,0,Away
2013,Patriots,0,Away
2013,49ers,0,Away
2013,Seahawks,1,Away
2014,Packers,0,Away
2014,Commanders,0,Away
2014,Bengals,1,Away
2014,Browns,0,Away
2014,Jaguars,0,Away
2014,Raiders,0,Away
2014,Titans,1,Away
2014,Vikings,1,Away
2014,Bills,1,Away
2014,Saints,0,Away
2014,Patriots,0,Away
2014,49ers,1,Away
2014,Panthers,1,Away
2014,Colts,0,Away
2014,Giants,0,Away
2014,Chargers,0,Away
2014,Steelers,0,Away
2014,Dolphins,0,Away
2014,Falcons,0,Away
2014,Saints,0,Away
2014,Cowboys,1,Away
2014,Patriots,1,Away
2014,Cardinals,1,Away
2014,Jaguars,0,Away
2014,Lions,0,Away
2014,Rams,1,Away
2014,Seahawks,0,Away
2014,Chiefs,0,Away
2014,Jets,0,Away
2014,Texans,1,Away
2014,Bears,1,Away
2014,Eagles,1,Away
2014,Buccaneers,0,Away
2014,Vikings,0,Away
2014,Commanders,0,Away
2014,Texans,0,Away
2014,Colts,1,Away
2014,Raiders,0,Away
2014,Ravens,1,Away
2014,Packers,0,Away
2014,Chargers,1,Away
2014,Cowboys,1,Away
2014,Titans,0,Away
2014,49ers,0,Away
2014,Chiefs,1,Away
2014,Broncos,0,Away
2014,Steelers,1,Away
2014,Bears,1,Away
2014,Giants,1,Away
2014,Bills,0,Away
2014,Panthers,0,Away
2014,Buccaneers,1,Away
2014,Titans,0,Away
2014,Dolphins,1,Away
2014,Packers,1,Away
2014,Lions,1,Away
2014,Jaguars,0,Away
2014,Eagles,0,Away
2014,Falcons,0,Away
2014,Saints,0,Away
2014,Patriots,0,Away
2014,Vikings,0,Away
2014,Bears,0,Away
2014,Rams,0,Away
2014,Falcons,0,Away
2014,Buccaneers,0,Away
2014,Steelers,1,Away
2014,Browns,1,Away
2014,Bills,1,Away
2014,Texans,0,Away
2014,Ravens,0,Away
2014,Cardinals,0,Away
2014,Jets,0,Away
2014,Chiefs,0,Away
2014,Bengals,0,Away
2014,Seahawks,1,Away
2014,Colts,1,Away
2014,Lions,1,Away
2014,Broncos,1,Away
2014,Ravens,1,Away
2014,Packers,1,Away
2014,Steelers,0,Away
2014,Patriots,1,Away
2014,Jaguars,0,Away
2014,Panthers,0,Away
2014,Chargers,1,Away
2014,Bears,1,Away
2014,Commanders,0,Away
2014,Cowboys,1,Away
2014,Giants,0,Away
2014,49ers,1,Away
2014,Jets,0,Away
2014,Falcons,0,Away
2014,Browns,0,Away
2014,Titans,0,Away
2014,Seahawks,0,Away
2014,Dolphins,1,Away
2014,Panthers,0,Away
2014,Saints,0,Away
2014,Vikings,0,Away
2014,Bengals,0,Away
2014,Chiefs,1,Away
2014,Cardinals,1,Away
2014,Giants,0,Away
2014,49ers,0,Away
2014,Texans,0,Away
2014,Chargers,0,Away
2014,Lions,1,Away
2014,Dolphins,1,Away
2014,Vikings,1,Away
2014,Bills,1,Away
2014,Seahawks,1,Away
2014,Rams,0,Away
2014,Texans,1,Away
2014,Ravens,0,Away
2014,Bears,0,Away
2014,Eagles,0,Away
2014,Raiders,0,Away
2014,Colts,0,Away
2014,Packers,0,Away
2014,Commanders,1,Away
2014,Saints,1,Away
2014,Chargers,0,Away
2014,Commanders,0,Away
2014,Jets,0,Away
2014,Eagles,1,Away
2014,Buccaneers,0,Away
2014,Cardinals,1,Away
2014,Jaguars,0,Away
2014,Rams,1,Away
2014,Broncos,0,Away
2014,Raiders,0,Away
2014,Ravens,0,Away
2014,Colts,1,Away
2014,Browns,1,Away
2014,Titans,0,Away
2014,Cowboys,1,Away
2014,Steelers,0,Away
2014,Falcons,1,Away
2014,Dolphins,0,Away
2014,Chiefs,1,Away
2014,49ers,1,Away
2014,Broncos,1,Away
2014,Rams,0,Away
2014,Giants,0,Away
2014,Bears,0,Away
2014,Panthers,0,Away
2014,Bills,0,Away
2014,49ers,1,Away
2014,Falcons,1,Away
2014,Buccaneers,1,Away
2014,Bengals,1,Away
2014,Seahawks,0,Away
2014,Texans,1,Away
2014,Vikings,0,Away
2014,Broncos,0,Away
2014,Raiders,0,Away
2014,Eagles,0,Away
2014,Lions,0,Away
2014,Patriots,1,Away
2014,Steelers,1,Away
2014,Chiefs,0,Away
2014,Bengals,1,Away
2014,Titans,0,Away
2014,Lions,0,Away
2014,Browns,1,Away
2014,Jaguars,0,Away
2014,Buccaneers,0,Away
2014,Packers,1,Away
2014,Rams,0,Away
2014,Cardinals,0,Away
2014,Dolphins,0,Away
2014,Commanders,0,Away
2014,Cowboys,1,Away
2014,Jets,0,Away
2014,Ravens,1,Away
2014,Bears,0,Away
2014,Eagles,1,Away
2014,Seahawks,1,Away
2014,Titans,0,Away
2014,Chargers,1,Away
2014,Bengals,1,Away
2014,Saints,1,Away
2014,Giants,0,Away
2014,Raiders,0,Away
2014,Commanders,0,Away
2014,Browns,0,Away
2014,Panthers,0,Away
2014,Cardinals,0,Away
2014,Patriots,0,Away
2014,Broncos,1,Away
2014,Dolphins,1,Away
2014,Cowboys,1,Away
2014,Panthers,1,Away
2014,Texans,1,Away
2014,Rams,1,Away
2014,Jets,0,Away
2014,Giants,1,Away
2014,Buccaneers,0,Away
2014,Colts,1,Away
2014,Steelers,1,Away
2014,Ravens,1,Away
2014,Bills,0,Away
2014,Chiefs,0,Away
2014,49ers,0,Away
2014,Seahawks,1,Away
2014,Patriots,1,Away
2014,Falcons,0,Away
2014,Cardinals,1,Away
2014,Buccaneers,0,Away
2014,Commanders,0,Away
2014,Dolphins,0,Away
2014,Raiders,0,Away
2014,Jaguars,0,Away
2014,Bengals,1,Away
2014,Packers,0,Away
2014,Steelers,1,Away
2014,Texans,0,Away
2014,Broncos,1,Away
2014,Jets,1,Away
2014,Vikings,0,Away
2014,49ers,0,Away
2014,Cowboys,1,Away
2014,Saints,1,Away
2014,Titans,0,Away
2014,Eagles,0,Away
2014,Chargers,1,Away
2014,Ravens,0,Away
2014,Browns,0,Away
2014,Chiefs,0,Away
2014,Packers,1,Away
2014,Falcons,1,Away
2014,Vikings,0,Away
2014,Lions,1,Away
2014,Patriots,1,Away
2014,Giants,1,Away
2014,Colts,0,Away
2014,Bills,0,Away
2014,Seahawks,1,Away
2014,Broncos,0,Away
2014,Saints,1,Away
2014,Jaguars,0,Away
2014,Browns,0,Away
2014,Cowboys,1,Away
2014,Eagles,1,Away
2014,Jets,1,Away
2014,Bears,0,Away
2014,Bills,1,Away
2014,Chargers,0,Away
2014,Colts,1,Away
2014,Panthers,1,Away
2014,Raiders,0,Away
2014,Lions,0,Away
2014,Cardinals,0,Away
2014,Rams,0,Away
2014,Bengals,0,Away
2014,Cardinals,0,Away
2014,Ravens,1,Away
2014,Bengals,0,Away
2014,Lions,0,Away
2014,Ravens,0,Away
2014,Panthers,0,Away
2014,Cowboys,0,Away
2014,Colts,1,Away
2014,Packers,0,Away
2014,Colts,0,Away
2014,Patriots,1,Away
2015,Steelers,0,Away
2015,Colts,0,Away
2015,Packers,1,Away
2015,Seahawks,0,Away
2015,Browns,0,Away
2015,Dolphins,1,Away
2015,Panthers,1,Away
2015,Chiefs,1,Away
2015,Saints,0,Away
2015,Lions,0,Away
2015,Titans,1,Away
2015,Ravens,0,Away
2015,Bengals,1,Away
2015,Giants,0,Away
2015,Eagles,0,Away
2015,Vikings,0,Away
2015,Broncos,1,Away
2015,Falcons,1,Away
2015,Texans,0,Away
2015,Rams,0,Away
2015,49ers,0,Away
2015,Buccaneers,1,Away
2015,Lions,0,Away
2015,Titans,0,Away
2015,Chargers,0,Away
2015,Cardinals,1,Away
2015,Patriots,1,Away
2015,Ravens,0,Away
2015,Dolphins,0,Away
2015,Cowboys,1,Away
2015,Seahawks,0,Away
2015,Jets,1,Away
2015,Commanders,0,Away
2015,Buccaneers,0,Away
2015,Bengals,1,Away
2015,Saints,0,Away
2015,Eagles,1,Away
2015,Jaguars,0,Away
2015,Raiders,1,Away
2015,Steelers,1,Away
2015,Colts,1,Away
2015,Falcons,1,Away
2015,Chargers,0,Away
2015,49ers,0,Away
2015,Bears,0,Away
2015,Bills,1,Away
2015,Broncos,1,Away
2015,Chiefs,0,Away
2015,Ravens,1,Away
2015,Jets,1,Away
2015,Panthers,1,Away
2015,Jaguars,0,Away
2015,Chiefs,0,Away
2015,Eagles,0,Away
2015,Giants,1,Away
2015,Texans,0,Away
2015,Raiders,0,Away
2015,Browns,0,Away
2015,Vikings,0,Away
2015,Rams,1,Away
2015,Packers,1,Away
2015,Cowboys,0,Away
2015,Lions,0,Away
2015,Colts,1,Away
2015,Saints,0,Away
2015,Browns,1,Away
2015,Jaguars,0,Away
2015,Bears,1,Away
2015,Bills,1,Away
2015,Rams,0,Away
2015,Seahawks,0,Away
2015,Commanders,0,Away
2015,Cardinals,1,Away
2015,Patriots,1,Away
2015,Broncos,1,Away
2015,49ers,0,Away
2015,Steelers,1,Away
2015,Falcons,0,Away
2015,Texans,1,Away
2015,Cardinals,0,Away
2015,Commanders,0,Away
2015,Chiefs,0,Away
2015,Broncos,1,Away
2015,Bears,0,Away
2015,Bengals,1,Away
2015,Dolphins,1,Away
2015,Panthers,1,Away
2015,Ravens,0,Away
2015,Chargers,0,Away
2015,Patriots,1,Away
2015,Giants,0,Away
2015,Seahawks,1,Away
2015,Bills,0,Away
2015,Jets,0,Away
2015,Texans,0,Away
2015,Browns,0,Away
2015,Buccaneers,0,Away
2015,Saints,1,Away
2015,Falcons,1,Away
2015,Vikings,1,Away
2015,Steelers,0,Away
2015,Raiders,1,Away
2015,Cowboys,0,Away
2015,Eagles,0,Away
2015,Ravens,0,Away
2015,Dolphins,0,Away
2015,Lions,0,Away
2015,Bengals,1,Away
2015,Titans,0,Away
2015,Giants,0,Away
2015,Chargers,0,Away
2015,Cardinals,1,Away
2015,Vikings,1,Away
2015,Buccaneers,1,Away
2015,49ers,0,Away
2015,Jets,0,Away
2015,Seahawks,1,Away
2015,Packers,0,Away
2015,Colts,0,Away
2015,Browns,0,Away
2015,Packers,0,Away
2015,Raiders,0,Away
2015,Jaguars,0,Away
2015,Titans,1,Away
2015,Rams,0,Away
2015,Dolphins,0,Away
2015,Commanders,0,Away
2015,Falcons,0,Away
2015,Giants,1,Away
2015,Broncos,0,Away
2015,Eagles,1,Away
2015,Bears,1,Away
2015,Bills,1,Away
2015,Saints,0,Away
2015,Jaguars,1,Away
2015,Cowboys,0,Away
2015,Browns,0,Away
2015,Dolphins,1,Away
2015,Bears,1,Away
2015,Panthers,1,Away
2015,Lions,1,Away
2015,Vikings,1,Away
2015,Chiefs,1,Away
2015,Patriots,1,Away
2015,Cardinals,1,Away
2015,Texans,1,Away
2015,Titans,0,Away
2015,Jets,0,Away
2015,Rams,0,Away
2015,Commanders,0,Away
2015,Buccaneers,1,Away
2015,Colts,1,Away
2015,Raiders,0,Away
2015,Broncos,1,Away
2015,Cowboys,1,Away
2015,Chiefs,1,Away
2015,Packers,1,Away
2015,49ers,0,Away
2015,Bengals,0,Away
2015,Bills,0,Away
2015,Eagles,0,Away
2015,Panthers,1,Away
2015,Bears,1,Away
2015,Saints,0,Away
2015,Chargers,1,Away
2015,Giants,0,Away
2015,Bills,0,Away
2015,Dolphins,0,Away
2015,Raiders,1,Away
2015,Rams,0,Away
2015,Vikings,1,Away
2015,Buccaneers,0,Away
2015,Cardinals,1,Away
2015,Steelers,0,Away
2015,Patriots,0,Away
2015,Ravens,1,Away
2015,Packers,1,Away
2015,Jets,1,Away
2015,Seahawks,1,Away
2015,Falcons,0,Away
2015,Ravens,0,Away
2015,Cardinals,1,Away
2015,Jaguars,0,Away
2015,Bengals,1,Away
2015,49ers,1,Away
2015,Texans,0,Away
2015,Chiefs,1,Away
2015,Broncos,1,Away
2015,Eagles,1,Away
2015,Panthers,1,Away
2015,Colts,0,Away
2015,Cowboys,1,Away
2015,Vikings,0,Away
2015,Commanders,1,Away
2015,Steelers,1,Away
2015,49ers,0,Away
2015,Chargers,0,Away
2015,Lions,0,Away
2015,Titans,0,Away
2015,Bills,0,Away
2015,Saints,1,Away
2015,Falcons,0,Away
2015,Colts,0,Away
2015,Seahawks,1,Away
2015,Raiders,1,Away
2015,Cowboys,0,Away
2015,Patriots,1,Away
2015,Giants,1,Away
2015,Buccaneers,0,Away
2015,Jets,1,Away
2015,Chiefs,1,Away
2015,Bills,0,Away
2015,Panthers,1,Away
2015,Falcons,1,Away
2015,Bears,0,Away
2015,Texans,1,Away
2015,Titans,0,Away
2015,Packers,1,Away
2015,Browns,0,Away
2015,Broncos,0,Away
2015,Dolphins,0,Away
2015,Bengals,1,Away
2015,Cardinals,1,Away
2015,Lions,1,Away
2015,Chargers,0,Away
2015,Commanders,1,Away
2015,Patriots,0,Away
2015,Colts,1,Away
2015,Steelers,0,Away
2015,Browns,0,Away
2015,Bears,1,Away
2015,49ers,0,Away
2015,Panthers,0,Away
2015,Texans,1,Away
2015,Cowboys,0,Away
2015,Jaguars,0,Away
2015,Packers,0,Away
2015,Rams,1,Away
2015,Giants,0,Away
2015,Bengals,0,Away
2015,Jaguars,0,Away
2015,Eagles,1,Away
2015,Patriots,0,Away
2015,Titans,0,Away
2015,Commanders,1,Away
2015,Steelers,1,Away
2015,Ravens,0,Away
2015,Lions,1,Away
2015,Jets,0,Away
2015,Saints,1,Away
2015,Chargers,0,Away
2015,Raiders,0,Away
2015,Seahawks,1,Away
2015,Rams,0,Away
2015,Buccaneers,0,Away
2015,Vikings,1,Away
2015,Chiefs,1,Away
2015,Steelers,1,Away
2015,Seahawks,1,Away
2015,Packers,1,Away
2015,Chiefs,0,Away
2015,Packers,0,Away
2015,Seahawks,0,Away
2015,Steelers,0,Away
2015,Patriots,0,Away
2015,Cardinals,0,Away
2015,Panthers,0,Away
2016,Panthers,0,Away
2016,Buccaneers,1,Away
2016,Vikings,1,Away
2016,Chargers,0,Away
2016,Raiders,1,Away
2016,Bengals,1,Away
2016,Browns,0,Away
2016,Packers,1,Away
2016,Bills,0,Away
2016,Bears,0,Away
2016,Dolphins,0,Away
2016,Lions,1,Away
2016,Giants,1,Away
2016,Patriots,1,Away
2016,Steelers,1,Away
2016,Rams,0,Away
2016,Jets,1,Away
2016,Chiefs,0,Away
2016,49ers,0,Away
2016,Bengals,0,Away
2016,Cowboys,1,Away
2016,Dolphins,0,Away
2016,Titans,1,Away
2016,Ravens,1,Away
2016,Saints,0,Away
2016,Seahawks,0,Away
2016,Buccaneers,0,Away
2016,Colts,0,Away
2016,Falcons,1,Away
2016,Jaguars,0,Away
2016,Packers,0,Away
2016,Eagles,1,Away
2016,Texans,0,Away
2016,Vikings,1,Away
2016,Lions,0,Away
2016,Ravens,1,Away
2016,Commanders,1,Away
2016,Broncos,1,Away
2016,Raiders,1,Away
2016,Browns,0,Away
2016,Cardinals,0,Away
2016,49ers,0,Away
2016,Rams,1,Away
2016,Chargers,0,Away
2016,Jets,0,Away
2016,Steelers,0,Away
2016,Bears,0,Away
2016,Falcons,1,Away
2016,Dolphins,0,Away
2016,Colts,0,Away
2016,Panthers,0,Away
2016,Lions,0,Away
2016,Bills,1,Away
2016,Seahawks,1,Away
2016,Browns,0,Away
2016,Raiders,1,Away
2016,Titans,0,Away
2016,Broncos,1,Away
2016,Cowboys,1,Away
2016,Saints,1,Away
2016,Rams,1,Away
2016,Chiefs,0,Away
2016,Giants,0,Away
2016,Cardinals,1,Away
2016,Jets,0,Away
2016,Texans,0,Away
2016,Titans,1,Away
2016,Commanders,1,Away
2016,Eagles,0,Away
2016,Patriots,1,Away
2016,Bears,0,Away
2016,Falcons,1,Away
2016,Bengals,0,Away
2016,Chargers,0,Away
2016,Bills,1,Away
2016,Giants,0,Away
2016,Buccaneers,1,Away
2016,Broncos,0,Away
2016,Panthers,0,Away
2016,Eagles,0,Away
2016,Ravens,0,Away
2016,Bengals,0,Away
2016,Steelers,0,Away
2016,Browns,0,Away
2016,Rams,0,Away
2016,Jaguars,1,Away
2016,49ers,0,Away
2016,Chiefs,1,Away
2016,Cowboys,1,Away
2016,Falcons,0,Away
2016,Colts,0,Away
2016,Jets,0,Away
2016,Bears,0,Away
2016,Giants,1,Away
2016,Browns,0,Away
2016,Commanders,0,Away
2016,Colts,1,Away
2016,Saints,0,Away
2016,Bills,0,Away
2016,Ravens,0,Away
2016,Vikings,0,Away
2016,Raiders,1,Away
2016,Chargers,1,Away
2016,Buccaneers,1,Away
2016,Patriots,1,Away
2016,Seahawks,0,Away
2016,Texans,0,Away
2016,Jaguars,0,Away
2016,Commanders,0,Away
2016,Patriots,1,Away
2016,Jets,1,Away
2016,Chiefs,1,Away
2016,Seahawks,0,Away
2016,Raiders,1,Away
2016,Cardinals,0,Away
2016,Lions,0,Away
2016,Chargers,0,Away
2016,Packers,0,Away
2016,Eagles,0,Away
2016,Vikings,0,Away
2016,Falcons,1,Away
2016,Cowboys,1,Away
2016,Jaguars,0,Away
2016,Jets,0,Away
2016,Lions,1,Away
2016,Eagles,0,Away
2016,Steelers,0,Away
2016,Saints,1,Away
2016,Panthers,1,Away
2016,Colts,1,Away
2016,Titans,0,Away
2016,Broncos,0,Away
2016,Bills,0,Away
2016,Browns,0,Away
2016,Vikings,0,Away
2016,Texans,1,Away
2016,Chiefs,1,Away
2016,Bears,0,Away
2016,Rams,1,Away
2016,Broncos,1,Away
2016,Packers,0,Away
2016,Falcons,0,Away
2016,Dolphins,1,Away
2016,49ers,0,Away
2016,Cowboys,1,Away
2016,Seahawks,1,Away
2016,Bengals,0,Away
2016,Saints,0,Away
2016,Cardinals,0,Away
2016,Buccaneers,1,Away
2016,Bears,0,Away
2016,Titans,0,Away
2016,Ravens,0,Away
2016,Bills,1,Away
2016,Jaguars,0,Away
2016,Steelers,1,Away
2016,Dolphins,1,Away
2016,Patriots,1,Away
2016,Eagles,0,Away
2016,Packers,0,Away
2016,Texans,0,Away
2016,Vikings,0,Away
2016,Commanders,0,Away
2016,Steelers,1,Away
2016,Chargers,1,Away
2016,Bengals,0,Away
2016,Rams,0,Away
2016,49ers,0,Away
2016,Cardinals,0,Away
2016,Titans,1,Away
2016,Jaguars,0,Away
2016,Giants,1,Away
2016,Seahawks,0,Away
2016,Panthers,0,Away
2016,Patriots,1,Away
2016,Chiefs,1,Away
2016,Packers,1,Away
2016,Cowboys,1,Away
2016,Dolphins,0,Away
2016,Lions,1,Away
2016,Rams,0,Away
2016,Broncos,1,Away
2016,Eagles,0,Away
2016,49ers,0,Away
2016,Chiefs,1,Away
2016,Texans,0,Away
2016,Bills,0,Away
2016,Commanders,0,Away
2016,Giants,0,Away
2016,Buccaneers,1,Away
2016,Panthers,0,Away
2016,Colts,1,Away
2016,Raiders,0,Away
2016,Chargers,0,Away
2016,Commanders,1,Away
2016,Vikings,1,Away
2016,Texans,1,Away
2016,Cardinals,0,Away
2016,Broncos,0,Away
2016,Bears,0,Away
2016,Bengals,1,Away
2016,Steelers,1,Away
2016,Jets,1,Away
2016,Seahawks,0,Away
2016,Falcons,1,Away
2016,Saints,0,Away
2016,Cowboys,0,Away
2016,Ravens,0,Away
2016,Rams,0,Away
2016,Dolphins,1,Away
2016,Browns,0,Away
2016,Packers,1,Away
2016,Steelers,1,Away
2016,Titans,1,Away
2016,Colts,1,Away
2016,Lions,0,Away
2016,Eagles,0,Away
2016,Jaguars,0,Away
2016,49ers,0,Away
2016,Saints,1,Away
2016,Raiders,1,Away
2016,Patriots,1,Away
2016,Buccaneers,0,Away
2016,Panthers,1,Away
2016,Giants,0,Away
2016,Falcons,1,Away
2016,Jets,0,Away
2016,Vikings,0,Away
2016,Titans,0,Away
2016,Commanders,1,Away
2016,Dolphins,1,Away
2016,Chargers,0,Away
2016,Colts,0,Away
2016,49ers,1,Away
2016,Buccaneers,0,Away
2016,Cardinals,1,Away
2016,Bengals,0,Away
2016,Ravens,0,Away
2016,Broncos,0,Away
2016,Lions,0,Away
2016,Cowboys,0,Away
2016,Bills,0,Away
2016,Browns,0,Away
2016,Panthers,0,Away
2016,Patriots,1,Away
2016,Jaguars,0,Away
2016,Texans,0,Away
2016,Ravens,0,Away
2016,Bears,0,Away
2016,Seahawks,1,Away
2016,Chiefs,1,Away
2016,Giants,1,Away
2016,Raiders,0,Away
2016,Saints,0,Away
2016,Cardinals,1,Away
2016,Packers,1,Away
2016,Raiders,0,Away
2016,Lions,0,Away
2016,Dolphins,0,Away
2016,Giants,0,Away
2016,Seahawks,0,Away
2016,Texans,0,Away
2016,Packers,1,Away
2016,Steelers,1,Away
2016,Packers,0,Away
2016,Steelers,0,Away
2016,Patriots,1,Away
2017,Chiefs,1,Away
2017,Eagles,1,Away
2017,Raiders,1,Away
2017,Cardinals,0,Away
2017,Jaguars,1,Away
2017,Ravens,1,Away
2017,Falcons,1,Away
2017,Jets,0,Away
2017,Steelers,1,Away
2017,Colts,0,Away
2017,Seahawks,0,Away
2017,Panthers,1,Away
2017,Giants,0,Away
2017,Saints,0,Away
2017,Chargers,0,Away
2017,Texans,1,Away
2017,Bills,0,Away
2017,Browns,0,Away
2017,Bears,0,Away
2017,Titans,1,Away
2017,Patriots,1,Away
2017,Cardinals,1,Away
2017,Vikings,0,Away
2017,Eagles,0,Away
2017,Jets,0,Away
2017,Dolphins,1,Away
2017,Cowboys,0,Away
2017,Commanders,1,Away
2017,49ers,0,Away
2017,Packers,0,Away
2017,Lions,1,Away
2017,Rams,1,Away
2017,Ravens,0,Away
2017,Saints,1,Away
2017,Giants,0,Away
2017,Dolphins,0,Away
2017,Texans,0,Away
2017,Broncos,0,Away
2017,Browns,0,Away
2017,Falcons,1,Away
2017,Steelers,0,Away
2017,Buccaneers,0,Away
2017,Seahawks,0,Away
2017,Chiefs,1,Away
2017,Bengals,0,Away
2017,Raiders,0,Away
2017,Cowboys,1,Away
2017,Bears,0,Away
2017,Saints,1,Away
2017,Titans,0,Away
2017,Jaguars,0,Away
2017,Panthers,1,Away
2017,Steelers,1,Away
2017,Rams,1,Away
2017,Bengals,1,Away
2017,Bills,1,Away
2017,Lions,1,Away
2017,49ers,0,Away
2017,Eagles,1,Away
2017,Giants,0,Away
2017,Raiders,0,Away
2017,Colts,0,Away
2017,Commanders,0,Away
2017,Patriots,1,Away
2017,Chargers,1,Away
2017,Cardinals,0,Away
2017,Jaguars,1,Away
2017,Titans,0,Away
2017,Panthers,1,Away
2017,Jets,1,Away
2017,Bills,0,Away
2017,49ers,0,Away
2017,Ravens,1,Away
2017,Seahawks,1,Away
2017,Packers,1,Away
2017,Chiefs,1,Away
2017,Vikings,1,Away
2017,Eagles,1,Away
2017,Browns,0,Away
2017,Bears,1,Away
2017,49ers,0,Away
2017,Dolphins,1,Away
2017,Lions,0,Away
2017,Packers,0,Away
2017,Patriots,1,Away
2017,Buccaneers,0,Away
2017,Rams,1,Away
2017,Steelers,1,Away
2017,Chargers,1,Away
2017,Giants,1,Away
2017,Colts,0,Away
2017,Chiefs,0,Away
2017,Buccaneers,0,Away
2017,Panthers,0,Away
2017,Titans,1,Away
2017,Saints,1,Away
2017,Jaguars,1,Away
2017,Cardinals,0,Away
2017,Jets,0,Away
2017,Ravens,0,Away
2017,Cowboys,1,Away
2017,Seahawks,1,Away
2017,Bengals,0,Away
2017,Broncos,0,Away
2017,Falcons,0,Away
2017,Commanders,0,Away
2017,Dolphins,0,Away
2017,Vikings,1,Away
2017,Panthers,1,Away
2017,Falcons,1,Away
2017,Bears,0,Away
2017,49ers,0,Away
2017,Colts,0,Away
2017,Raiders,0,Away
2017,Chargers,0,Away
2017,Texans,0,Away
2017,Cowboys,1,Away
2017,Steelers,1,Away
2017,Broncos,0,Away
2017,Bills,0,Away
2017,Colts,1,Away
2017,Bengals,0,Away
2017,Broncos,0,Away
2017,Falcons,0,Away
2017,Buccaneers,0,Away
2017,Ravens,0,Away
2017,Rams,1,Away
2017,Cardinals,1,Away
2017,Commanders,1,Away
2017,Chiefs,0,Away
2017,Raiders,1,Away
2017,Lions,1,Away
2017,Seahawks,1,Away
2017,Chargers,0,Away
2017,Vikings,1,Away
2017,Jets,0,Away
2017,Steelers,1,Away
2017,Browns,0,Away
2017,Packers,1,Away
2017,Saints,1,Away
2017,Bengals,0,Away
2017,Texans,0,Away
2017,Cowboys,0,Away
2017,Giants,0,Away
2017,Patriots,1,Away
2017,Dolphins,0,Away
2017,Titans,0,Away
2017,Cardinals,0,Away
2017,Chiefs,0,Away
2017,Commanders,0,Away
2017,Rams,0,Away
2017,Jaguars,1,Away
2017,Ravens,1,Away
2017,Lions,1,Away
2017,Buccaneers,1,Away
2017,Bills,0,Away
2017,Patriots,1,Away
2017,Bengals,1,Away
2017,Eagles,1,Away
2017,Falcons,1,Away
2017,Vikings,1,Away
2017,Chargers,1,Away
2017,Giants,0,Away
2017,Buccaneers,0,Away
2017,Browns,0,Away
2017,Titans,1,Away
2017,Bills,1,Away
2017,Dolphins,0,Away
2017,Panthers,1,Away
2017,Bears,0,Away
2017,Seahawks,1,Away
2017,Broncos,0,Away
2017,Saints,0,Away
2017,Jaguars,0,Away
2017,Packers,0,Away
2017,Texans,0,Away
2017,Commanders,0,Away
2017,Lions,0,Away
2017,Colts,0,Away
2017,Chiefs,0,Away
2017,Broncos,0,Away
2017,Texans,0,Away
2017,Buccaneers,0,Away
2017,49ers,1,Away
2017,Patriots,1,Away
2017,Vikings,1,Away
2017,Browns,0,Away
2017,Giants,0,Away
2017,Panthers,0,Away
2017,Rams,1,Away
2017,Eagles,0,Away
2017,Steelers,1,Away
2017,Saints,0,Away
2017,Colts,0,Away
2017,Bears,1,Away
2017,Packers,1,Away
2017,Raiders,0,Away
2017,Cowboys,1,Away
2017,Lions,1,Away
2017,Vikings,0,Away
2017,49ers,1,Away
2017,Jets,0,Away
2017,Titans,0,Away
2017,Commanders,0,Away
2017,Seahawks,0,Away
2017,Eagles,1,Away
2017,Ravens,0,Away
2017,Patriots,0,Away
2017,Broncos,1,Away
2017,Bears,0,Away
2017,Chargers,0,Away
2017,Texans,0,Away
2017,Cardinals,0,Away
2017,Jets,0,Away
2017,Packers,0,Away
2017,Ravens,1,Away
2017,Dolphins,0,Away
2017,Bengals,0,Away
2017,Eagles,1,Away
2017,Rams,1,Away
2017,Patriots,1,Away
2017,Titans,0,Away
2017,Cowboys,1,Away
2017,Falcons,1,Away
2017,Colts,0,Away
2017,Vikings,1,Away
2017,Broncos,0,Away
2017,Lions,0,Away
2017,Chargers,1,Away
2017,Buccaneers,0,Away
2017,Falcons,0,Away
2017,Browns,0,Away
2017,Dolphins,0,Away
2017,Rams,1,Away
2017,Bills,0,Away
2017,Jaguars,0,Away
2017,Seahawks,1,Away
2017,Giants,0,Away
2017,Steelers,1,Away
2017,Raiders,0,Away
2017,Browns,0,Away
2017,Packers,0,Away
2017,Texans,0,Away
2017,Bears,0,Away
2017,Jets,0,Away
2017,Commanders,0,Away
2017,Cowboys,1,Away
2017,Cardinals,1,Away
2017,Raiders,0,Away
2017,Bengals,1,Away
2017,Bills,1,Away
2017,Saints,0,Away
2017,Jaguars,0,Away
2017,Chiefs,1,Away
2017,Panthers,0,Away
2017,49ers,1,Away
2017,Titans,1,Away
2017,Falcons,1,Away
2017,Bills,0,Away
2017,Panthers,0,Away
2017,Falcons,0,Away
2017,Titans,0,Away
2017,Jaguars,1,Away
2017,Saints,0,Away
2017,Jaguars,0,Away
2017,Vikings,0,Away
2017,Eagles,1,Away
2018,Falcons,0,Away
2018,Steelers,0,Away
2018,Bengals,1,Away
2018,Titans,0,Away
2018,49ers,0,Away
2018,Texans,0,Away
2018,Buccaneers,1,Away
2018,Jaguars,1,Away
2018,Bills,0,Away
2018,Chiefs,1,Away
2018,Cowboys,0,Away
2018,Commanders,1,Away
2018,Seahawks,0,Away
2018,Bears,0,Away
2018,Jets,1,Away
2018,Rams,1,Away
2018,Ravens,0,Away
2018,Colts,1,Away
2018,Chiefs,1,Away
2018,Dolphins,1,Away
2018,Browns,0,Away
2018,Eagles,0,Away
2018,Vikings,0,Away
2018,Chargers,1,Away
2018,Panthers,0,Away
2018,Texans,0,Away
2018,Cardinals,0,Away
2018,Lions,0,Away
2018,Raiders,0,Away
2018,Patriots,0,Away
2018,Giants,0,Away
2018,Seahawks,0,Away
2018,Jets,0,Away
2018,Bengals,0,Away
2018,Giants,1,Away
2018,Broncos,0,Away
2018,Titans,1,Away
2018,Packers,0,Away
2018,Saints,1,Away
2018,Bills,1,Away
2018,Raiders,0,Away
2018,49ers,0,Away
2018,Colts,0,Away
2018,Chargers,0,Away
2018,Bears,1,Away
2018,Cowboys,0,Away
2018,Patriots,0,Away
2018,Steelers,1,Away
2018,Vikings,0,Away
2018,Bengals,1,Away
2018,Buccaneers,0,Away
2018,Lions,0,Away
2018,Bills,0,Away
2018,Eagles,0,Away
2018,Texans,1,Away
2018,Dolphins,0,Away
2018,Jets,0,Away
2018,Browns,0,Away
2018,Seahawks,1,Away
2018,49ers,0,Away
2018,Saints,1,Away
2018,Ravens,1,Away
2018,Chiefs,1,Away
2018,Colts,0,Away
2018,Giants,0,Away
2018,Falcons,0,Away
2018,Jaguars,0,Away
2018,Broncos,0,Away
2018,Ravens,0,Away
2018,Dolphins,0,Away
2018,Titans,0,Away
2018,Packers,0,Away
2018,Raiders,0,Away
2018,Vikings,1,Away
2018,Cardinals,1,Away
2018,Rams,1,Away
2018,Cowboys,0,Away
2018,Commanders,0,Away
2018,Eagles,1,Away
2018,Panthers,0,Away
2018,Colts,0,Away
2018,Bills,0,Away
2018,Cardinals,0,Away
2018,Buccaneers,0,Away
2018,Seahawks,1,Away
2018,Chargers,1,Away
2018,Steelers,1,Away
2018,Bears,0,Away
2018,Rams,1,Away
2018,Jaguars,0,Away
2018,Ravens,1,Away
2018,Chiefs,0,Away
2018,49ers,0,Away
2018,Broncos,1,Away
2018,Titans,0,Away
2018,Patriots,1,Away
2018,Bills,0,Away
2018,Lions,1,Away
2018,Vikings,1,Away
2018,Panthers,1,Away
2018,Browns,0,Away
2018,Texans,1,Away
2018,Saints,1,Away
2018,Cowboys,0,Away
2018,Rams,1,Away
2018,Bengals,0,Away
2018,Giants,0,Away
2018,Dolphins,0,Away
2018,Eagles,1,Away
2018,Browns,0,Away
2018,Ravens,0,Away
2018,Commanders,1,Away
2018,Broncos,0,Away
2018,Seahawks,1,Away
2018,Buccaneers,0,Away
2018,Jets,0,Away
2018,Colts,1,Away
2018,Packers,0,Away
2018,49ers,0,Away
2018,Saints,1,Away
2018,Patriots,1,Away
2018,Raiders,0,Away
2018,Falcons,1,Away
2018,Buccaneers,0,Away
2018,Lions,0,Away
2018,Steelers,1,Away
2018,Chiefs,1,Away
2018,Bears,1,Away
2018,Jets,0,Away
2018,Texans,1,Away
2018,Chargers,1,Away
2018,Rams,0,Away
2018,Packers,0,Away
2018,Titans,1,Away
2018,Panthers,0,Away
2018,Commanders,1,Away
2018,Bills,1,Away
2018,Cardinals,0,Away
2018,Jaguars,0,Away
2018,Patriots,0,Away
2018,Falcons,0,Away
2018,Saints,1,Away
2018,Lions,0,Away
2018,Chargers,1,Away
2018,Dolphins,0,Away
2018,Seahawks,0,Away
2018,Cowboys,1,Away
2018,Giants,1,Away
2018,Packers,0,Away
2018,Bengals,0,Away
2018,Steelers,1,Away
2018,Texans,1,Away
2018,Cowboys,1,Away
2018,Titans,0,Away
2018,Panthers,0,Away
2018,Buccaneers,0,Away
2018,Raiders,1,Away
2018,Broncos,1,Away
2018,Eagles,0,Away
2018,Vikings,0,Away
2018,Chiefs,0,Away
2018,Bears,1,Away
2018,Commanders,0,Away
2018,Falcons,0,Away
2018,Jaguars,0,Away
2018,Browns,1,Away
2018,Patriots,1,Away
2018,Giants,0,Away
2018,49ers,0,Away
2018,Seahawks,1,Away
2018,Raiders,0,Away
2018,Cardinals,0,Away
2018,Steelers,0,Away
2018,Dolphins,0,Away
2018,Packers,0,Away
2018,Titans,0,Away
2018,Saints,0,Away
2018,Colts,0,Away
2018,Panthers,0,Away
2018,Bears,0,Away
2018,Bills,0,Away
2018,Browns,0,Away
2018,Rams,1,Away
2018,Broncos,1,Away
2018,Ravens,1,Away
2018,Cardinals,1,Away
2018,Jets,0,Away
2018,Chiefs,1,Away
2018,Vikings,0,Away
2018,49ers,0,Away
2018,Chargers,1,Away
2018,Commanders,0,Away
2018,Jaguars,0,Away
2018,Giants,1,Away
2018,Colts,1,Away
2018,Saints,1,Away
2018,Patriots,0,Away
2018,Falcons,0,Away
2018,Panthers,0,Away
2018,Jets,1,Away
2018,Ravens,0,Away
2018,Bengals,0,Away
2018,Broncos,0,Away
2018,Lions,1,Away
2018,Eagles,0,Away
2018,Steelers,0,Away
2018,Rams,0,Away
2018,Vikings,0,Away
2018,Chargers,1,Away
2018,Texans,1,Away
2018,Browns,1,Away
2018,Titans,1,Away
2018,Dolphins,0,Away
2018,Cowboys,0,Away
2018,Commanders,1,Away
2018,Packers,0,Away
2018,Lions,0,Away
2018,Cardinals,0,Away
2018,Raiders,0,Away
2018,Buccaneers,0,Away
2018,Seahawks,0,Away
2018,Patriots,0,Away
2018,Eagles,1,Away
2018,Saints,1,Away
2018,Commanders,0,Away
2018,Ravens,1,Away
2018,Falcons,1,Away
2018,Texans,0,Away
2018,Packers,1,Away
2018,Jaguars,1,Away
2018,Bills,0,Away
2018,Vikings,1,Away
2018,Buccaneers,0,Away
2018,Bengals,0,Away
2018,Giants,0,Away
2018,Rams,1,Away
2018,Bears,1,Away
2018,Steelers,0,Away
2018,Chiefs,0,Away
2018,Broncos,0,Away
2018,Falcons,1,Away
2018,Jaguars,0,Away
2018,Cowboys,1,Away
2018,Panthers,1,Away
2018,Jets,0,Away
2018,Lions,1,Away
2018,Dolphins,0,Away
2018,Eagles,1,Away
2018,Cardinals,0,Away
2018,Bengals,0,Away
2018,Browns,0,Away
2018,49ers,0,Away
2018,Raiders,0,Away
2018,Chargers,1,Away
2018,Bears,1,Away
2018,Colts,1,Away
2018,Colts,1,Away
2018,Seahawks,0,Away
2018,Chargers,1,Away
2018,Eagles,1,Away
2018,Colts,0,Away
2018,Cowboys,0,Away
2018,Chargers,0,Away
2018,Eagles,0,Away
2018,Rams,1,Away
2018,Patriots,1,Away
2018,Patriots,1,Away
2019,Packers,1,Away
2019,Titans,1,Away
2019,Ravens,1,Away
2019,Falcons,0,Away
2019,Bills,1,Away
2019,Commanders,0,Away
2019,Rams,1,Away
2019,Chiefs,1,Away
2019,Colts,0,Away
2019,Bengals,0,Away
2019,49ers,1,Away
2019,Giants,0,Away
2019,Lions,0,Away
2019,Steelers,0,Away
2019,Texans,0,Away
2019,Broncos,0,Away
2019,Buccaneers,1,Away
2019,Seahawks,1,Away
2019,Jaguars,0,Away
2019,Cardinals,0,Away
2019,Cowboys,1,Away
2019,Bills,1,Away
2019,Patriots,1,Away
2019,Colts,1,Away
2019,Vikings,0,Away
2019,Chargers,0,Away
2019,49ers,1,Away
2019,Chiefs,1,Away
2019,Bears,1,Away
2019,Saints,0,Away
2019,Eagles,0,Away
2019,Browns,1,Away
2019,Titans,0,Away
2019,Lions,1,Away
2019,Jets,0,Away
2019,Raiders,0,Away
2019,Ravens,0,Away
2019,Bengals,0,Away
2019,Broncos,0,Away
2019,Dolphins,0,Away
2019,Falcons,0,Away
2019,Giants,1,Away
2019,Panthers,1,Away
2019,Steelers,0,Away
2019,Saints,1,Away
2019,Texans,1,Away
2019,Rams,1,Away
2019,Bears,1,Away
2019,Eagles,1,Away
2019,Browns,1,Away
2019,Commanders,0,Away
2019,Chargers,1,Away
2019,Panthers,1,Away
2019,Chiefs,1,Away
2019,Patriots,1,Away
2019,Titans,1,Away
2019,Raiders,1,Away
2019,Buccaneers,1,Away
2019,Seahawks,1,Away
2019,Vikings,0,Away
2019,Jaguars,1,Away
2019,Cowboys,0,Away
2019,Bengals,0,Away
2019,Rams,0,Away
2019,Ravens,1,Away
2019,Falcons,0,Away
2019,Jaguars,0,Away
2019,Patriots,1,Away
2019,Vikings,1,Away
2019,Buccaneers,0,Away
2019,Bears,0,Away
2019,Bills,1,Away
2019,Cardinals,1,Away
2019,Jets,0,Away
2019,Broncos,1,Away
2019,Packers,1,Away
2019,Colts,1,Away
2019,Browns,0,Away
2019,Giants,0,Away
2019,Panthers,1,Away
2019,Seahawks,1,Away
2019,Texans,1,Away
2019,Commanders,1,Away
2019,Eagles,0,Away
2019,Saints,1,Away
2019,Bengals,0,Away
2019,49ers,1,Away
2019,Falcons,0,Away
2019,Titans,0,Away
2019,Cowboys,0,Away
2019,Steelers,1,Away
2019,Lions,0,Away
2019,Chiefs,1,Away
2019,Rams,1,Away
2019,Dolphins,0,Away
2019,Jaguars,1,Away
2019,Vikings,1,Away
2019,Raiders,0,Away
2019,Texans,0,Away
2019,Cardinals,1,Away
2019,49ers,1,Away
2019,Chargers,0,Away
2019,Saints,1,Away
2019,Ravens,1,Away
2019,Eagles,0,Away
2019,Patriots,1,Away
2019,Commanders,0,Away
2019,Cardinals,0,Away
2019,Bengals,0,Away
2019,Broncos,0,Away
2019,Buccaneers,0,Away
2019,Jets,0,Away
2019,Chargers,1,Away
2019,Eagles,1,Away
2019,Seahawks,1,Away
2019,Giants,0,Away
2019,Panthers,0,Away
2019,Browns,0,Away
2019,Raiders,0,Away
2019,Packers,1,Away
2019,Dolphins,0,Away
2019,49ers,1,Away
2019,Texans,1,Away
2019,Titans,0,Away
2019,Colts,0,Away
2019,Bears,0,Away
2019,Jets,0,Away
2019,Commanders,0,Away
2019,Vikings,0,Away
2019,Lions,0,Away
2019,Buccaneers,0,Away
2019,Browns,0,Away
2019,Packers,0,Away
2019,Patriots,0,Away
2019,Cowboys,1,Away
2019,Chargers,0,Away
2019,Giants,0,Away
2019,Cardinals,0,Away
2019,Falcons,1,Away
2019,Ravens,1,Away
2019,Bills,0,Away
2019,Chiefs,0,Away
2019,Lions,0,Away
2019,Dolphins,1,Away
2019,Panthers,0,Away
2019,Rams,0,Away
2019,Vikings,1,Away
2019,Seahawks,1,Away
2019,Steelers,0,Away
2019,Texans,0,Away
2019,Falcons,1,Away
2019,Jets,1,Away
2019,Saints,1,Away
2019,Cowboys,1,Away
2019,Bills,1,Away
2019,Jaguars,0,Away
2019,Broncos,0,Away
2019,Cardinals,0,Away
2019,Bengals,0,Away
2019,Patriots,1,Away
2019,Bears,0,Away
2019,Chiefs,1,Away
2019,Colts,0,Away
2019,Seahawks,1,Away
2019,Raiders,0,Away
2019,Panthers,0,Away
2019,Dolphins,0,Away
2019,Lions,0,Away
2019,Giants,0,Away
2019,Broncos,0,Away
2019,Buccaneers,1,Away
2019,Steelers,1,Away
2019,Jaguars,0,Away
2019,Cowboys,0,Away
2019,Packers,0,Away
2019,Ravens,1,Away
2019,Bears,1,Away
2019,Bills,1,Away
2019,Saints,1,Away
2019,Buccaneers,1,Away
2019,49ers,0,Away
2019,Browns,0,Away
2019,Commanders,1,Away
2019,Eagles,0,Away
2019,Jets,0,Away
2019,Packers,1,Away
2019,Titans,1,Away
2019,Rams,1,Away
2019,Chargers,0,Away
2019,Raiders,0,Away
2019,Patriots,0,Away
2019,Vikings,0,Away
2019,Cowboys,0,Away
2019,Broncos,1,Away
2019,Colts,0,Away
2019,Dolphins,0,Away
2019,49ers,1,Away
2019,Commanders,0,Away
2019,Bengals,0,Away
2019,Ravens,1,Away
2019,Panthers,0,Away
2019,Lions,0,Away
2019,Chargers,1,Away
2019,Steelers,1,Away
2019,Titans,1,Away
2019,Chiefs,1,Away
2019,Seahawks,0,Away
2019,Giants,0,Away
2019,Jets,0,Away
2019,Patriots,1,Away
2019,Buccaneers,1,Away
2019,Bears,0,Away
2019,Texans,1,Away
2019,Broncos,0,Away
2019,Dolphins,0,Away
2019,Eagles,1,Away
2019,Seahawks,1,Away
2019,Vikings,1,Away
2019,Browns,0,Away
2019,Jaguars,1,Away
2019,Rams,0,Away
2019,Falcons,1,Away
2019,Bills,1,Away
2019,Colts,0,Away
2019,Texans,1,Away
2019,Bills,0,Away
2019,Rams,0,Away
2019,Steelers,0,Away
2019,Bengals,0,Away
2019,Giants,1,Away
2019,Saints,1,Away
2019,Ravens,1,Away
2019,Jaguars,0,Away
2019,Panthers,0,Away
2019,Lions,0,Away
2019,Raiders,1,Away
2019,Cowboys,0,Away
2019,Cardinals,1,Away
2019,Chiefs,1,Away
2019,Packers,1,Away
2019,Saints,1,Away
2019,Falcons,1,Away
2019,Dolphins,1,Away
2019,Bears,1,Away
2019,Jets,1,Away
2019,Packers,1,Away
2019,Browns,0,Away
2019,Chargers,0,Away
2019,Colts,0,Away
2019,Titans,1,Away
2019,Eagles,1,Away
2019,Steelers,0,Away
2019,Raiders,0,Away
2019,Commanders,0,Away
2019,Cardinals,0,Away
2019,49ers,1,Away
2019,Bills,0,Away
2019,Titans,1,Away
2019,Vikings,1,Away
2019,Seahawks,1,Away
2019,Vikings,0,Away
2019,Titans,1,Away
2019,Texans,0,Away
2019,Seahawks,0,Away
2019,Titans,0,Away
2019,Packers,0,Away
2019,49ers,0,Away
2020,Texans,0,Away
2020,Seahawks,1,Away
2020,Jets,0,Away
2020,Bears,1,Away
2020,Packers,1,Away
2020,Dolphins,0,Away
2020,Eagles,0,Away
2020,Raiders,1,Away
2020,Colts,0,Away
2020,Browns,0,Away
2020,Chargers,1,Away
2020,Buccaneers,0,Away
2020,Cardinals,1,Away
2020,Cowboys,0,Away
2020,Steelers,1,Away
2020,Titans,1,Away
2020,Bengals,0,Away
2020,Panthers,0,Away
2020,Broncos,0,Away
2020,Rams,1,Away
2020,49ers,1,Away
2020,Bills,1,Away
2020,Jaguars,0,Away
2020,Lions,0,Away
2020,Falcons,0,Away
2020,Giants,0,Away
2020,Vikings,0,Away
2020,Commanders,0,Away
2020,Ravens,1,Away
2020,Chiefs,1,Away
2020,Patriots,0,Away
2020,Saints,0,Away
2020,Dolphins,1,Away
2020,Bears,1,Away
2020,Rams,0,Away
2020,Commanders,0,Away
2020,Titans,1,Away
2020,Raiders,0,Away
2020,49ers,1,Away
2020,Bengals,0,Away
2020,Texans,0,Away
2020,Panthers,1,Away
2020,Jets,0,Away
2020,Buccaneers,1,Away
2020,Lions,1,Away
2020,Cowboys,0,Away
2020,Packers,1,Away
2020,Chiefs,1,Away
2020,Broncos,1,Away
2020,Cardinals,0,Away
2020,Ravens,1,Away
2020,Chargers,0,Away
2020,Vikings,1,Away
2020,Saints,1,Away
2020,Browns,1,Away
2020,Jaguars,0,Away
2020,Seahawks,1,Away
2020,Giants,0,Away
2020,Colts,1,Away
2020,Bills,1,Away
2020,Eagles,1,Away
2020,Patriots,0,Away
2020,Falcons,0,Away
2020,Buccaneers,0,Away
2020,Jaguars,0,Away
2020,Bengals,0,Away
2020,Rams,1,Away
2020,Cardinals,1,Away
2020,Raiders,1,Away
2020,Panthers,1,Away
2020,Eagles,0,Away
2020,Dolphins,1,Away
2020,Colts,0,Away
2020,Giants,0,Away
2020,Vikings,0,Away
2020,Chargers,0,Away
2020,Bills,0,Away
2020,Browns,0,Away
2020,Lions,1,Away
2020,Bears,1,Away
2020,Ravens,1,Away
2020,Texans,0,Away
2020,Broncos,1,Away
2020,Falcons,1,Away
2020,Bengals,0,Away
2020,Commanders,0,Away
2020,Jets,0,Away
2020,Packers,0,Away
2020,Rams,0,Away
2020,Chiefs,1,Away
2020,Cardinals,1,Away
2020,Giants,0,Away
2020,Packers,1,Away
2020,Cowboys,0,Away
2020,Bills,1,Away
2020,Lions,1,Away
2020,Steelers,1,Away
2020,Browns,1,Away
2020,Panthers,0,Away
2020,Buccaneers,1,Away
2020,49ers,1,Away
2020,Chiefs,1,Away
2020,Jaguars,0,Away
2020,Seahawks,0,Away
2020,Bears,0,Away
2020,Falcons,1,Away
2020,Rams,0,Away
2020,Jets,0,Away
2020,Vikings,1,Away
2020,Steelers,1,Away
2020,Raiders,1,Away
2020,Titans,0,Away
2020,Patriots,0,Away
2020,Colts,1,Away
2020,Chargers,0,Away
2020,Saints,1,Away
2020,49ers,0,Away
2020,Cowboys,0,Away
2020,Buccaneers,1,Away
2020,Packers,1,Away
2020,Lions,0,Away
2020,Giants,1,Away
2020,Panthers,0,Away
2020,Texans,1,Away
2020,Bears,0,Away
2020,Seahawks,0,Away
2020,Broncos,0,Away
2020,Ravens,1,Away
2020,Raiders,1,Away
2020,Steelers,1,Away
2020,Dolphins,1,Away
2020,Saints,1,Away
2020,Patriots,1,Away
2020,Colts,1,Away
2020,Buccaneers,1,Away
2020,Jaguars,0,Away
2020,Eagles,0,Away
2020,Texans,0,Away
2020,Commanders,0,Away
2020,Broncos,0,Away
2020,Chargers,0,Away
2020,Bills,0,Away
2020,Seahawks,0,Away
2020,49ers,0,Away
2020,Bengals,0,Away
2020,Ravens,0,Away
2020,Vikings,1,Away
2020,Cardinals,0,Away
2020,Titans,1,Away
2020,Patriots,0,Away
2020,Steelers,1,Away
2020,Falcons,0,Away
2020,Bengals,0,Away
2020,Lions,0,Away
2020,Eagles,0,Away
2020,Dolphins,0,Away
2020,Jets,0,Away
2020,Packers,0,Away
2020,Cowboys,1,Away
2020,Chiefs,1,Away
2020,Rams,1,Away
2020,Texans,1,Away
2020,Commanders,1,Away
2020,Raiders,0,Away
2020,Chargers,0,Away
2020,Giants,1,Away
2020,Titans,1,Away
2020,Panthers,0,Away
2020,Cardinals,0,Away
2020,Dolphins,1,Away
2020,Browns,1,Away
2020,Saints,1,Away
2020,49ers,1,Away
2020,Chiefs,1,Away
2020,Bears,0,Away
2020,Seahawks,1,Away
2020,Ravens,0,Away
2020,Saints,1,Away
2020,Lions,1,Away
2020,Browns,1,Away
2020,Bengals,0,Away
2020,Jaguars,0,Away
2020,Raiders,1,Away
2020,Colts,1,Away
2020,Giants,1,Away
2020,Rams,1,Away
2020,Eagles,0,Away
2020,Patriots,1,Away
2020,Broncos,0,Away
2020,Commanders,1,Away
2020,Bills,1,Away
2020,Cowboys,0,Away
2020,Patriots,0,Away
2020,Titans,1,Away
2020,Broncos,1,Away
2020,Vikings,0,Away
2020,Chiefs,1,Away
2020,Cardinals,1,Away
2020,Cowboys,1,Away
2020,Texans,0,Away
2020,Colts,1,Away
2020,Jets,0,Away
2020,Packers,1,Away
2020,Saints,0,Away
2020,Falcons,0,Away
2020,Commanders,1,Away
2020,Steelers,0,Away
2020,Ravens,1,Away
2020,Chargers,1,Away
2020,Bills,1,Away
2020,Panthers,0,Away
2020,Buccaneers,1,Away
2020,49ers,0,Away
2020,Lions,0,Away
2020,Texans,0,Away
2020,Patriots,0,Away
2020,Bears,1,Away
2020,Seahawks,1,Away
2020,Jaguars,0,Away
2020,Eagles,0,Away
2020,Jets,1,Away
2020,Chiefs,1,Away
2020,Browns,1,Away
2020,Steelers,0,Away
2020,Vikings,0,Away
2020,Buccaneers,1,Away
2020,49ers,1,Away
2020,Dolphins,1,Away
2020,Bears,1,Away
2020,Bengals,1,Away
2020,Giants,0,Away
2020,Colts,0,Away
2020,Browns,0,Away
2020,Falcons,0,Away
2020,Broncos,0,Away
2020,Panthers,1,Away
2020,Eagles,0,Away
2020,Rams,0,Away
2020,Titans,0,Away
2020,Bills,1,Away
2020,Cowboys,0,Away
2020,Jets,0,Away
2020,Falcons,0,Away
2020,Vikings,1,Away
2020,Ravens,1,Away
2020,Steelers,0,Away
2020,Dolphins,0,Away
2020,Saints,1,Away
2020,Seahawks,1,Away
2020,Cardinals,0,Away
2020,Titans,1,Away
2020,Jaguars,0,Away
2020,Raiders,1,Away
2020,Packers,1,Away
2020,Chargers,1,Away
2020,Commanders,1,Away
2020,Colts,0,Away
2020,Rams,1,Away
2020,Buccaneers,1,Away
2020,Ravens,1,Away
2020,Bears,0,Away
2020,Browns,1,Away
2020,Rams,0,Away
2020,Ravens,0,Away
2020,Browns,0,Away
2020,Buccaneers,1,Away
2020,Buccaneers,1,Away
2020,Bills,0,Away
2020,Chiefs,0,Away
2021,Cowboys,0,Away
2021,Jaguars,0,Away
2021,Jets,0,Away
2021,Chargers,1,Away
2021,Cardinals,1,Away
2021,Seahawks,1,Away
2021,Vikings,0,Away
2021,Steelers,1,Away
2021,Eagles,1,Away
2021,49ers,1,Away
2021,Browns,0,Away
2021,Dolphins,1,Away
2021,Packers,0,Away
2021,Broncos,1,Away
2021,Bears,0,Away
2021,Ravens,0,Away
2021,Giants,0,Away
2021,Saints,0,Away
2021,Rams,1,Away
2021,Raiders,1,Away
2021,Broncos,1,Away
2021,49ers,1,Away
2021,Texans,0,Away
2021,Bills,1,Away
2021,Patriots,1,Away
2021,Bengals,0,Away
2021,Vikings,0,Away
2021,Falcons,0,Away
2021,Cowboys,1,Away
2021,Titans,1,Away
2021,Chiefs,0,Away
2021,Lions,0,Away
2021,Panthers,1,Away
2021,Commanders,0,Away
2021,Bears,0,Away
2021,Ravens,1,Away
2021,Colts,0,Away
2021,Chargers,1,Away
2021,Saints,1,Away
2021,Falcons,1,Away
2021,Bengals,1,Away
2021,Cardinals,1,Away
2021,Dolphins,0,Away
2021,Jets,0,Away
2021,Buccaneers,0,Away
2021,Seahawks,0,Away
2021,Packers,1,Away
2021,Eagles,0,Away
2021,Jaguars,0,Away
2021,Colts,1,Away
2021,Chiefs,1,Away
2021,Titans,0,Away
2021,Giants,1,Away
2021,Browns,1,Away
2021,Panthers,0,Away
2021,Lions,0,Away
2021,Texans,0,Away
2021,Commanders,1,Away
2021,Cardinals,1,Away
2021,Seahawks,1,Away
2021,Ravens,1,Away
2021,Steelers,0,Away
2021,Buccaneers,1,Away
2021,Raiders,0,Away
2021,Rams,1,Away
2021,Jets,0,Away
2021,Packers,1,Away
2021,Lions,0,Away
2021,Broncos,0,Away
2021,Dolphins,0,Away
2021,Saints,1,Away
2021,Eagles,1,Away
2021,Titans,1,Away
2021,Patriots,1,Away
2021,Browns,0,Away
2021,Bears,1,Away
2021,Giants,0,Away
2021,49ers,0,Away
2021,Bills,1,Away
2021,Colts,0,Away
2021,Buccaneers,1,Away
2021,Dolphins,0,Away
2021,Chiefs,1,Away
2021,Chargers,0,Away
2021,Rams,1,Away
2021,Vikings,1,Away
2021,Bengals,1,Away
2021,Packers,1,Away
2021,Texans,0,Away
2021,Cardinals,1,Away
2021,Raiders,1,Away
2021,Cowboys,1,Away
2021,Seahawks,0,Away
2021,Bills,0,Away
2021,Broncos,0,Away
2021,Bengals,1,Away
2021,Panthers,0,Away
2021,Jets,0,Away
2021,Falcons,1,Away
2021,Commanders,0,Away
2021,Chiefs,0,Away
2021,Eagles,0,Away
2021,Lions,0,Away
2021,Texans,0,Away
2021,Bears,0,Away
2021,Colts,1,Away
2021,Saints,1,Away
2021,Packers,1,Away
2021,Bengals,0,Away
2021,Titans,1,Away
2021,Rams,1,Away
2021,Eagles,1,Away
2021,Steelers,1,Away
2021,49ers,1,Away
2021,Dolphins,0,Away
2021,Panthers,1,Away
2021,Patriots,1,Away
2021,Jaguars,0,Away
2021,Commanders,0,Away
2021,Buccaneers,0,Away
2021,Cowboys,1,Away
2021,Giants,0,Away
2021,Jets,0,Away
2021,Browns,1,Away
2021,Broncos,1,Away
2021,Texans,0,Away
2021,Falcons,1,Away
2021,Raiders,0,Away
2021,Patriots,1,Away
2021,Bills,0,Away
2021,Vikings,0,Away
2021,Chargers,1,Away
2021,Cardinals,1,Away
2021,Packers,0,Away
2021,Titans,1,Away
2021,Bears,0,Away
2021,Ravens,0,Away
2021,Buccaneers,0,Away
2021,Bills,1,Away
2021,Browns,0,Away
2021,Lions,0,Away
2021,Saints,0,Away
2021,Falcons,0,Away
2021,Jaguars,0,Away
2021,Panthers,1,Away
2021,Vikings,1,Away
2021,Eagles,1,Away
2021,Seahawks,0,Away
2021,Chiefs,1,Away
2021,Rams,0,Away
2021,Patriots,1,Away
2021,Saints,0,Away
2021,Dolphins,1,Away
2021,49ers,1,Away
2021,Packers,0,Away
2021,Commanders,1,Away
2021,Lions,0,Away
2021,Ravens,1,Away
2021,Texans,1,Away
2021,Colts,1,Away
2021,Bengals,1,Away
2021,Cowboys,0,Away
2021,Cardinals,1,Away
2021,Steelers,0,Away
2021,Giants,0,Away
2021,Bears,1,Away
2021,Raiders,1,Away
2021,Bills,1,Away
2021,Steelers,0,Away
2021,Buccaneers,1,Away
2021,Panthers,0,Away
2021,Titans,0,Away
2021,Eagles,0,Away
2021,Falcons,1,Away
2021,Jets,1,Away
2021,Chargers,0,Away
2021,Rams,0,Away
2021,Vikings,0,Away
2021,Browns,0,Away
2021,Seahawks,0,Away
2021,Cowboys,1,Away
2021,Buccaneers,1,Away
2021,Cardinals,1,Away
2021,Chargers,1,Away
2021,Vikings,0,Away
2021,Giants,0,Away
2021,Eagles,1,Away
2021,Colts,1,Away
2021,Commanders,1,Away
2021,Jaguars,0,Away
2021,Ravens,0,Away
2021,49ers,0,Away
2021,Broncos,0,Away
2021,Patriots,1,Away
2021,Steelers,0,Away
2021,Ravens,0,Away
2021,Jaguars,0,Away
2021,Raiders,0,Away
2021,Saints,1,Away
2021,Cowboys,1,Away
2021,Falcons,1,Away
2021,Seahawks,1,Away
2021,Lions,0,Away
2021,Giants,0,Away
2021,Bills,0,Away
2021,49ers,1,Away
2021,Bears,0,Away
2021,Rams,1,Away
2021,Chiefs,1,Away
2021,Patriots,0,Away
2021,Panthers,0,Away
2021,Cardinals,0,Away
2021,Jets,0,Away
2021,Cowboys,1,Away
2021,Titans,0,Away
2021,Texans,1,Away
2021,Bengals,1,Away
2021,Falcons,0,Away
2021,Packers,1,Away
2021,Saints,1,Away
2021,Raiders,1,Away
2021,Vikings,1,Away
2021,Seahawks,0,Away
2021,Commanders,0,Away
2021,49ers,0,Away
2021,Browns,0,Away
2021,Colts,1,Away
2021,Chargers,0,Away
2021,Buccaneers,1,Away
2021,Giants,0,Away
2021,Jaguars,0,Away
2021,Lions,0,Away
2021,Rams,1,Away
2021,Ravens,0,Away
2021,Bills,1,Away
2021,Bears,1,Away
2021,Steelers,0,Away
2021,Broncos,0,Away
2021,Commanders,0,Away
2021,Dolphins,1,Away
2021,Buccaneers,1,Away
2021,Jaguars,0,Away
2021,Raiders,1,Away
2021,Falcons,0,Away
2021,Chiefs,0,Away
2021,Giants,0,Away
2021,Eagles,1,Away
2021,Dolphins,0,Away
2021,Rams,1,Away
2021,Texans,0,Away
2021,Broncos,0,Away
2021,Cardinals,1,Away
2021,Panthers,0,Away
2021,Lions,0,Away
2021,Vikings,0,Away
2021,Browns,0,Away
2021,Chiefs,1,Away
2021,Cowboys,1,Away
2021,Bears,0,Away
2021,Titans,1,Away
2021,Steelers,1,Away
2021,Colts,0,Away
2021,Bengals,0,Away
2021,Packers,0,Away
2021,Commanders,1,Away
2021,Patriots,0,Away
2021,49ers,1,Away
2021,Seahawks,1,Away
2021,Saints,1,Away
2021,Panthers,0,Away
2021,Jets,0,Away
2021,Chargers,0,Away
2021,Raiders,0,Away
2021,Patriots,0,Away
2021,Eagles,0,Away
2021,49ers,1,Away
2021,Steelers,0,Away
2021,Cardinals,0,Away
2021,Bengals,1,Away
2021,49ers,1,Away
2021,Rams,1,Away
2021,Bills,0,Away
2021,Bengals,1,Away
2021,49ers,0,Away
2021,Rams,1,Away
2022,Bills,1,Away
2022,Browns,1,Away
2022,Jaguars,0,Away
2022,Ravens,1,Away
2022,Patriots,0,Away
2022,Colts,0,Away
2022,Steelers,1,Away
2022,49ers,0,Away
2022,Saints,1,Away
2022,Eagles,1,Away
2022,Chiefs,1,Away
2022,Raiders,0,Away
2022,Giants,1,Away
2022,Packers,0,Away
2022,Buccaneers,1,Away
2022,Broncos,0,Away
2022,Chargers,0,Away
2022,Dolphins,1,Away
2022,Colts,0,Away
2022,Panthers,0,Away
2022,Patriots,1,Away
2022,Commanders,0,Away
2022,Jets,1,Away
2022,Buccaneers,1,Away
2022,Falcons,0,Away
2022,Seahawks,0,Away
2022,Bengals,0,Away
2022,Texans,0,Away
2022,Cardinals,1,Away
2022,Bears,0,Away
2022,Titans,0,Away
2022,Vikings,0,Away
2022,Steelers,0,Away
2022,Texans,0,Away
2022,Raiders,0,Away
2022,Chiefs,0,Away
2022,Bills,0,Away
2022,Lions,0,Away
2022,Ravens,1,Away
2022,Bengals,1,Away
2022,Eagles,1,Away
2022,Saints,0,Away
2022,Jaguars,1,Away
2022,Packers,1,Away
2022,Rams,1,Away
2022,Falcons,1,Away
2022,49ers,0,Away
2022,Cowboys,1,Away
2022,Dolphins,0,Away
2022,Vikings,1,Away
2022,Jaguars,0,Away
2022,Chargers,1,Away
2022,Jets,1,Away
2022,Bears,0,Away
2022,Bills,1,Away
2022,Seahawks,1,Away
2022,Commanders,0,Away
2022,Titans,1,Away
2022,Browns,0,Away
2022,Cardinals,1,Away
2022,Patriots,0,Away
2022,Broncos,0,Away
2022,Chiefs,1,Away
2022,Rams,0,Away
2022,Colts,1,Away
2022,Giants,1,Away
2022,Texans,1,Away
2022,Titans,1,Away
2022,Falcons,0,Away
2022,Dolphins,0,Away
2022,Steelers,0,Away
2022,Lions,0,Away
2022,Bears,0,Away
2022,Chargers,1,Away
2022,Seahawks,0,Away
2022,49ers,1,Away
2022,Eagles,1,Away
2022,Cowboys,1,Away
2022,Bengals,0,Away
2022,Raiders,0,Away
2022,Commanders,1,Away
2022,49ers,0,Away
2022,Patriots,1,Away
2022,Jets,1,Away
2022,Jaguars,0,Away
2022,Vikings,1,Away
2022,Bengals,1,Away
2022,Ravens,0,Away
2022,Buccaneers,0,Away
2022,Panthers,0,Away
2022,Cardinals,0,Away
2022,Bills,1,Away
2022,Cowboys,0,Away
2022,Broncos,0,Away
2022,Saints,0,Away
2022,Falcons,0,Away
2022,Lions,0,Away
2022,Colts,0,Away
2022,Packers,0,Away
2022,Buccaneers,0,Away
2022,Giants,1,Away
2022,Browns,0,Away
2022,Jets,1,Away
2022,Texans,0,Away
2022,Chiefs,1,Away
2022,Seahawks,1,Away
2022,Steelers,0,Away
2022,Bears,1,Away
2022,Ravens,1,Away
2022,Broncos,1,Away
2022,Steelers,0,Away
2022,Patriots,1,Away
2022,Cardinals,0,Away
2022,Raiders,0,Away
2022,Bears,0,Away
2022,Panthers,0,Away
2022,Dolphins,1,Away
2022,Titans,1,Away
2022,Commanders,1,Away
2022,49ers,1,Away
2022,Giants,0,Away
2022,Packers,0,Away
2022,Bengals,0,Away
2022,Eagles,1,Away
2022,Vikings,1,Away
2022,Bills,0,Away
2022,Raiders,0,Away
2022,Colts,0,Away
2022,Packers,0,Away
2022,Panthers,0,Away
2022,Dolphins,1,Away
2022,Chargers,1,Away
2022,Seahawks,1,Away
2022,Rams,0,Away
2022,Titans,0,Away
2022,Ravens,1,Away
2022,Falcons,0,Away
2022,Seahawks,0,Away
2022,Saints,0,Away
2022,Texans,0,Away
2022,Browns,0,Away
2022,Lions,1,Away
2022,Broncos,0,Away
2022,Vikings,1,Away
2022,Jaguars,0,Away
2022,Colts,1,Away
2022,Cowboys,0,Away
2022,Cardinals,1,Away
2022,Chargers,0,Away
2022,Commanders,1,Away
2022,Titans,1,Away
2022,Lions,1,Away
2022,Panthers,0,Away
2022,Commanders,1,Away
2022,Rams,0,Away
2022,Bears,0,Away
2022,Eagles,1,Away
2022,Browns,0,Away
2022,Jets,0,Away
2022,Raiders,1,Away
2022,Cowboys,1,Away
2022,Bengals,1,Away
2022,Chiefs,1,Away
2022,49ers,1,Away
2022,Bills,1,Away
2022,Giants,0,Away
2022,Patriots,0,Away
2022,Buccaneers,0,Away
2022,Bengals,1,Away
2022,Texans,0,Away
2022,Bears,0,Away
2022,Falcons,0,Away
2022,Broncos,0,Away
2022,Ravens,0,Away
2022,Raiders,1,Away
2022,Chargers,1,Away
2022,Rams,0,Away
2022,Saints,0,Away
2022,Packers,0,Away
2022,Steelers,1,Away
2022,Bills,1,Away
2022,Commanders,0,Away
2022,Browns,1,Away
2022,Broncos,0,Away
2022,Titans,0,Away
2022,Jets,0,Away
2022,Jaguars,0,Away
2022,Packers,1,Away
2022,Steelers,1,Away
2022,Seahawks,1,Away
2022,Dolphins,0,Away
2022,Chiefs,0,Away
2022,Chargers,0,Away
2022,Colts,0,Away
2022,Saints,0,Away
2022,Raiders,0,Away
2022,Eagles,1,Away
2022,Ravens,1,Away
2022,Jaguars,1,Away
2022,Browns,0,Away
2022,Texans,0,Away
2022,Vikings,0,Away
2022,Jets,0,Away
2022,Chiefs,1,Away
2022,Buccaneers,0,Away
2022,Panthers,1,Away
2022,Dolphins,0,Away
2022,Patriots,1,Away
2022,49ers,1,Away
2022,Colts,0,Away
2022,Ravens,0,Away
2022,Dolphins,0,Away
2022,Eagles,1,Away
2022,Falcons,0,Away
2022,Lions,1,Away
2022,Steelers,1,Away
2022,Cowboys,0,Away
2022,Chiefs,1,Away
2022,Cardinals,0,Away
2022,Patriots,0,Away
2022,Titans,0,Away
2022,Bengals,1,Away
2022,Giants,1,Away
2022,Rams,0,Away
2022,Jaguars,1,Away
2022,Bills,1,Away
2022,Saints,1,Away
2022,Seahawks,0,Away
2022,Giants,0,Away
2022,Bengals,1,Away
2022,Lions,0,Away
2022,Falcons,0,Away
2022,Texans,1,Away
2022,Commanders,0,Away
2022,Eagles,0,Away
2022,Raiders,0,Away
2022,Packers,1,Away
2022,Broncos,0,Away
2022,Buccaneers,1,Away
2022,Chargers,1,Away
2022,Cowboys,1,Away
2022,Jaguars,1,Away
2022,Browns,1,Away
2022,Panthers,0,Away
2022,Saints,1,Away
2022,Broncos,0,Away
2022,Dolphins,0,Away
2022,Cardinals,0,Away
2022,Colts,0,Away
2022,Bears,0,Away
2022,49ers,1,Away
2022,Jets,0,Away
2022,Vikings,0,Away
2022,Rams,0,Away
2022,Steelers,1,Away
2022,Chiefs,1,Away
2022,Titans,0,Away
2022,Browns,0,Away
2022,Panthers,1,Away
2022,Jets,0,Away
2022,Texans,1,Away
2022,Buccaneers,0,Away
2022,Vikings,1,Away
2022,Patriots,0,Away
2022,Ravens,0,Away
2022,Rams,0,Away
2022,Cowboys,0,Away
2022,Giants,0,Away
2022,Chargers,0,Away
2022,Cardinals,0,Away
2022,Lions,1,Away
2022,Seahawks,0,Away
2022,Chargers,0,Away
2022,Dolphins,0,Away
2022,Giants,1,Away
2022,Ravens,0,Away
2022,Cowboys,1,Away
2022,Jaguars,0,Away
2022,Giants,0,Away
2022,Bengals,1,Away
2022,Cowboys,0,Away
2022,49ers,0,Away
2022,Bengals,0,Away
2022,Chiefs,1,Away
2023,Lions,1,Away
2023,Panthers,0,Away
2023,Bengals,0,Away
2023,Jaguars,1,Away
2023,Buccaneers,1,Away
2023,Titans,0,Away
2023,49ers,1,Away
2023,Cardinals,0,Away
2023,Texans,0,Away
2023,Rams,1,Away
2023,Dolphins,1,Away
2023,Raiders,1,Away
2023,Packers,1,Away
2023,Eagles,1,Away
2023,Cowboys,1,Away
2023,Bills,0,Away
2023,Vikings,0,Away
2023,Bears,0,Away
2023,Colts,1,Away
2023,Chiefs,1,Away
2023,Chargers,0,Away
2023,Raiders,0,Away
2023,Ravens,1,Away
2023,Packers,0,Away
2023,Seahawks,1,Away
2023,49ers,1,Away
2023,Giants,1,Away
2023,Jets,0,Away
2023,Commanders,1,Away
2023,Dolphins,1,Away
2023,Saints,1,Away
2023,Browns,0,Away
2023,Giants,0,Away
2023,Bills,1,Away
2023,Colts,1,Away
2023,Texans,1,Away
2023,Patriots,1,Away
2023,Titans,0,Away
2023,Broncos,0,Away
2023,Saints,0,Away
2023,Falcons,0,Away
2023,Chargers,1,Away
2023,Panthers,0,Away
2023,Bears,0,Away
2023,Cowboys,0,Away
2023,Steelers,1,Away
2023,Eagles,1,Away
2023,Rams,0,Away
2023,Lions,1,Away
2023,Falcons,0,Away
2023,Steelers,0,Away
2023,Vikings,1,Away
2023,Commanders,0,Away
2023,Buccaneers,1,Away
2023,Ravens,1,Away
2023,Bengals,0,Away
2023,Broncos,1,Away
2023,Dolphins,0,Away
2023,Rams,1,Away
2023,Raiders,0,Away
2023,Patriots,0,Away
2023,Cardinals,0,Away
2023,Chiefs,1,Away
2023,Seahawks,1,Away
2023,Bears,1,Away
2023,Jaguars,1,Away
2023,Ravens,0,Away
2023,Saints,1,Away
2023,Giants,0,Away
2023,Titans,0,Away
2023,Panthers,0,Away
2023,Texans,0,Away
2023,Eagles,1,Away
2023,Bengals,1,Away
2023,Jets,1,Away
2023,Chiefs,1,Away
2023,Cowboys,0,Away
2023,Packers,0,Away
2023,Broncos,0,Away
2023,Ravens,1,Away
2023,Colts,0,Away
2023,Panthers,0,Away
2023,49ers,0,Away
2023,Saints,0,Away
2023,Vikings,1,Away
2023,Commanders,1,Away
2023,Seahawks,0,Away
2023,Patriots,0,Away
2023,Cardinals,0,Away
2023,Eagles,0,Away
2023,Lions,1,Away
2023,Giants,0,Away
2023,Cowboys,1,Away
2023,Jaguars,1,Away
2023,Raiders,0,Away
2023,Browns,1,Away
2023,Bills,0,Away
2023,Commanders,0,Away
2023,Falcons,1,Away
2023,Lions,0,Away
2023,Steelers,1,Away
2023,Cardinals,0,Away
2023,Packers,0,Away
2023,Chargers,0,Away
2023,Dolphins,0,Away
2023,49ers,0,Away
2023,Buccaneers,0,Away
2023,Rams,0,Away
2023,Vikings,1,Away
2023,Falcons,0,Away
2023,Saints,1,Away
2023,Patriots,0,Away
2023,Jets,1,Away
2023,Jaguars,1,Away
2023,Eagles,1,Away
2023,Texans,0,Away
2023,Browns,0,Away
2023,Chiefs,0,Away
2023,Ravens,1,Away
2023,Bengals,1,Away
2023,Bears,0,Away
2023,Raiders,0,Away
2023,Titans,0,Away
2023,Dolphins,0,Away
2023,Vikings,1,Away
2023,Cardinals,0,Away
2023,Rams,0,Away
2023,Commanders,1,Away
2023,Bears,0,Away
2023,Seahawks,0,Away
2023,Buccaneers,0,Away
2023,Colts,1,Away
2023,Giants,0,Away
2023,Cowboys,0,Away
2023,Bills,0,Away
2023,Chargers,1,Away
2023,Panthers,0,Away
2023,Colts,1,Away
2023,Browns,1,Away
2023,Titans,0,Away
2023,49ers,1,Away
2023,Saints,0,Away
2023,Packers,0,Away
2023,Texans,1,Away
2023,Falcons,0,Away
2023,Lions,1,Away
2023,Giants,0,Away
2023,Commanders,0,Away
2023,Jets,0,Away
2023,Broncos,1,Away
2023,Bengals,0,Away
2023,Titans,0,Away
2023,Cowboys,1,Away
2023,Giants,1,Away
2023,Cardinals,0,Away
2023,Chargers,0,Away
2023,Bears,0,Away
2023,Steelers,0,Away
2023,Raiders,0,Away
2023,Buccaneers,0,Away
2023,Jets,0,Away
2023,Seahawks,0,Away
2023,Vikings,0,Away
2023,Eagles,1,Away
2023,Packers,1,Away
2023,Commanders,0,Away
2023,49ers,1,Away
2023,Dolphins,1,Away
2023,Saints,0,Away
2023,Steelers,1,Away
2023,Panthers,0,Away
2023,Buccaneers,0,Away
2023,Patriots,0,Away
2023,Jaguars,1,Away
2023,Browns,0,Away
2023,Rams,1,Away
2023,Bills,0,Away
2023,Chiefs,1,Away
2023,Ravens,1,Away
2023,Bears,1,Away
2023,Seahawks,0,Away
2023,Broncos,0,Away
2023,Dolphins,1,Away
2023,Falcons,1,Away
2023,Cardinals,1,Away
2023,Chargers,1,Away
2023,Colts,1,Away
2023,Lions,1,Away
2023,Panthers,0,Away
2023,Browns,0,Away
2023,49ers,1,Away
2023,Chiefs,0,Away
2023,Bengals,1,Away
2023,Patriots,1,Away
2023,Lions,0,Away
2023,Texans,0,Away
2023,Rams,0,Away
2023,Panthers,0,Away
2023,Buccaneers,1,Away
2023,Colts,0,Away
2023,Jaguars,0,Away
2023,Vikings,1,Away
2023,Seahawks,0,Away
2023,Bills,1,Away
2023,Broncos,1,Away
2023,Eagles,0,Away
2023,Titans,1,Away
2023,Packers,0,Away
2023,Chargers,0,Away
2023,Vikings,0,Away
2023,Steelers,0,Away
2023,Broncos,0,Away
2023,Giants,0,Away
2023,Falcons,0,Away
2023,Chiefs,1,Away
2023,Bears,0,Away
2023,Texans,1,Away
2023,Buccaneers,1,Away
2023,Jets,0,Away
2023,Commanders,0,Away
2023,49ers,1,Away
2023,Cowboys,0,Away
2023,Ravens,1,Away
2023,Eagles,0,Away
2023,Saints,0,Away
2023,Bengals,0,Away
2023,Bills,1,Away
2023,Browns,1,Away
2023,Packers,1,Away
2023,Commanders,0,Away
2023,Seahawks,1,Away
2023,Colts,0,Away
2023,Lions,1,Away
2023,Jaguars,0,Away
2023,Cardinals,0,Away
2023,Cowboys,0,Away
2023,Patriots,1,Away
2023,Raiders,1,Away
2023,Giants,0,Away
2023,Ravens,1,Away
2023,Jets,0,Away
2023,Lions,0,Away
2023,49ers,1,Away
2023,Titans,0,Away
2023,Panthers,0,Away
2023,Saints,1,Away
2023,Dolphins,0,Away
2023,Rams,1,Away
2023,Raiders,0,Away
2023,Falcons,0,Away
2023,Patriots,0,Away
2023,Cardinals,1,Away
2023,Steelers,1,Away
2023,Chargers,0,Away
2023,Bengals,0,Away
2023,Packers,1,Away
2023,Steelers,1,Away
2023,Texans,1,Away
2023,Browns,0,Away
2023,Vikings,0,Away
2023,Jaguars,0,Away
2023,Jets,1,Away
2023,Falcons,0,Away
2023,Buccaneers,1,Away
2023,Rams,1,Away
2023,Cowboys,1,Away
2023,Chiefs,1,Away
2023,Broncos,0,Away
2023,Eagles,0,Away
2023,Bears,0,Away
2023,Seahawks,1,Away
2023,Bills,1,Away
2023,Browns,0,Away
2023,Dolphins,0,Away
2023,Packers,1,Away
2023,Rams,0,Away
2023,Steelers,0,Away
2023,Eagles,0,Away
2023,Texans,0,Away
2023,Packers,0,Away
2023,Buccaneers,0,Away
2023,Chiefs,1,Away
2023,Chiefs,1,Away
2023,Lions,0,Away
2023,49ers,0,Away
2024,Ravens,0,Away
2024,Packers,0,Away
2024,Steelers,1,Away
2024,Cardinals,0,Away
2024,Titans,0,Away
2024,Patriots,1,Away
2024,Texans,1,Away
2024,Jaguars,0,Away
2024,Panthers,0,Away
2024,Vikings,1,Away
2024,Raiders,0,Away
2024,Broncos,0,Away
2024,Cowboys,1,Away
2024,Commanders,0,Away
2024,Rams,0,Away
2024,Jets,0,Away
2024,Bills,1,Away
2024,Browns,1,Away
2024,Chargers,1,Away
2024,49ers,0,Away
2024,Raiders,1,Away
2024,Saints,1,Away
2024,Seahawks,1,Away
2024,Giants,0,Away
2024,Buccaneers,1,Away
2024,Jets,1,Away
2024,Colts,0,Away
2024,Rams,0,Away
2024,Steelers,1,Away
2024,Bengals,0,Away
2024,Bears,0,Away
2024,Falcons,1,Away
2024,Patriots,0,Away
2024,Giants,1,Away
2024,Packers,1,Away
2024,Bears,0,Away
2024,Texans,0,Away
2024,Eagles,1,Away
2024,Chargers,0,Away
2024,Broncos,1,Away
2024,Panthers,1,Away
2024,Dolphins,0,Away
2024,Ravens,1,Away
2024,49ers,0,Away
2024,Lions,1,Away
2024,Chiefs,1,Away
2024,Jaguars,0,Away
2024,Commanders,1,Away
2024,Cowboys,1,Away
2024,Saints,0,Away
2024,Rams,0,Away
2024,Vikings,1,Away
2024,Steelers,0,Away
2024,Broncos,1,Away
2024,Eagles,0,Away
2024,Bengals,1,Away
2024,Jaguars,0,Away
2024,Commanders,1,Away
2024,Patriots,0,Away
2024,Browns,0,Away
2024,Chiefs,1,Away
2024,Bills,0,Away
2024,Titans,1,Away
2024,Seahawks,0,Away
2024,Buccaneers,0,Away
2024,Jets,0,Away
2024,Panthers,0,Away
2024,Ravens,1,Away
2024,Dolphins,1,Away
2024,Browns,0,Away
2024,Colts,0,Away
2024,Bills,0,Away
2024,Raiders,0,Away
2024,Cardinals,1,Away
2024,Packers,1,Away
2024,Giants,1,Away
2024,Cowboys,1,Away
2024,Saints,0,Away
2024,49ers,1,Away
2024,Jaguars,0,Away
2024,Cardinals,0,Away
2024,Colts,1,Away
2024,Texans,1,Away
2024,Buccaneers,1,Away
2024,Browns,0,Away
2024,Commanders,0,Away
2024,Chargers,1,Away
2024,Steelers,1,Away
2024,Lions,1,Away
2024,Falcons,1,Away
2024,Bengals,1,Away
2024,Bills,1,Away
2024,Broncos,1,Away
2024,Patriots,0,Away
2024,Seahawks,1,Away
2024,Titans,0,Away
2024,Bengals,1,Away
2024,Texans,0,Away
2024,Dolphins,0,Away
2024,Lions,1,Away
2024,Eagles,1,Away
2024,Raiders,0,Away
2024,Panthers,0,Away
2024,Chiefs,1,Away
2024,Jets,0,Away
2024,Ravens,1,Away
2024,Chargers,0,Away
2024,Vikings,0,Away
2024,Eagles,1,Away
2024,Ravens,0,Away
2024,Titans,0,Away
2024,Cardinals,1,Away
2024,Jets,0,Away
2024,Falcons,1,Away
2024,Packers,1,Away
2024,Colts,0,Away
2024,Saints,0,Away
2024,Bills,1,Away
2024,Panthers,0,Away
2024,Chiefs,1,Away
2024,Bears,0,Away
2024,Cowboys,0,Away
2024,Giants,0,Away
2024,Texans,0,Away
2024,Cowboys,0,Away
2024,Dolphins,0,Away
2024,Raiders,0,Away
2024,Chargers,1,Away
2024,Broncos,0,Away
2024,Saints,0,Away
2024,Commanders,1,Away
2024,Patriots,0,Away
2024,Bears,0,Away
2024,Jaguars,0,Away
2024,Rams,1,Away
2024,Lions,1,Away
2024,Colts,0,Away
2024,Buccaneers,0,Away
2024,Bengals,0,Away
2024,Giants,0,Away
2024,Falcons,0,Away
2024,Broncos,0,Away
2024,Bills,1,Away
2024,Patriots,1,Away
2024,49ers,1,Away
2024,Steelers,1,Away
2024,Vikings,1,Away
2024,Titans,0,Away
2024,Eagles,1,Away
2024,Jets,0,Away
2024,Lions,1,Away
2024,Dolphins,1,Away
2024,Commanders,0,Away
2024,Packers,1,Away
2024,Jaguars,0,Away
2024,Vikings,1,Away
2024,Raiders,0,Away
2024,Rams,1,Away
2024,Browns,0,Away
2024,Colts,1,Away
2024,Ravens,0,Away
2024,Falcons,0,Away
2024,Seahawks,1,Away
2024,Chiefs,0,Away
2024,Bengals,0,Away
2024,Texans,1,Away
2024,Steelers,0,Away
2024,Vikings,1,Away
2024,Lions,1,Away
2024,Patriots,0,Away
2024,Buccaneers,1,Away
2024,Cowboys,1,Away
2024,Chiefs,1,Away
2024,Titans,1,Away
2024,Broncos,1,Away
2024,49ers,0,Away
2024,Cardinals,0,Away
2024,Eagles,1,Away
2024,Ravens,1,Away
2024,Bears,0,Away
2024,Giants,0,Away
2024,Dolphins,0,Away
2024,Raiders,0,Away
2024,Chargers,1,Away
2024,Steelers,1,Away
2024,Cardinals,0,Away
2024,Colts,1,Away
2024,Seahawks,1,Away
2024,Titans,0,Away
2024,Texans,1,Away
2024,Rams,1,Away
2024,Buccaneers,1,Away
2024,Eagles,1,Away
2024,49ers,0,Away
2024,Browns,0,Away
2024,Packers,0,Away
2024,Saints,1,Away
2024,Falcons,0,Away
2024,Jets,0,Away
2024,Jaguars,1,Away
2024,Browns,0,Away
2024,Raiders,0,Away
2024,Panthers,0,Away
2024,Seahawks,1,Away
2024,Bears,0,Away
2024,Bills,0,Away
2024,Chargers,0,Away
2024,Bengals,1,Away
2024,Rams,1,Away
2024,Ravens,1,Away
2024,Commanders,1,Away
2024,Bengals,1,Away
2024,Chiefs,1,Away
2024,Cowboys,1,Away
2024,Dolphins,0,Away
2024,Jets,1,Away
2024,Buccaneers,1,Away
2024,Bills,1,Away
2024,Steelers,0,Away
2024,Patriots,0,Away
2024,Colts,0,Away
2024,Packers,1,Away
2024,Bears,0,Away
2024,Falcons,1,Away
2024,Broncos,0,Away
2024,Texans,0,Away
2024,Steelers,0,Away
2024,Rams,1,Away
2024,Giants,0,Away
2024,Browns,0,Away
2024,Lions,1,Away
2024,Titans,0,Away
2024,Cardinals,0,Away
2024,Eagles,0,Away
2024,Vikings,1,Away
2024,Jaguars,0,Away
2024,Patriots,0,Away
2024,49ers,0,Away
2024,Buccaneers,0,Away
2024,Saints,0,Away
2024,Chiefs,1,Away
2024,Ravens,1,Away
2024,Seahawks,1,Away
2024,Chargers,1,Away
2024,Broncos,0,Away
2024,Cardinals,0,Away
2024,Jets,0,Away
2024,Cowboys,0,Away
2024,Raiders,1,Away
2024,Panthers,0,Away
2024,Colts,0,Away
2024,Titans,0,Away
2024,Dolphins,1,Away
2024,Packers,0,Away
2024,Falcons,0,Away
2024,Lions,1,Away
2024,Browns,0,Away
2024,Bengals,1,Away
2024,Panthers,1,Away
2024,Bears,1,Away
2024,Texans,1,Away
2024,Giants,0,Away
2024,Saints,0,Away
2024,Bills,0,Away
2024,Jaguars,0,Away
2024,Commanders,1,Away
2024,Seahawks,1,Away
2024,Dolphins,0,Away
2024,49ers,0,Away
2024,Chiefs,0,Away
2024,Chargers,1,Away
2024,Vikings,0,Away
2024,Chargers,0,Away
2024,Steelers,0,Away
2024,Broncos,0,Away
2024,Packers,0,Away
2024,Commanders,1,Away
2024,Vikings,0,Away
2024,Texans,0,Away
2024,Commanders,1,Away
2024,Rams,0,Away
2024,Ravens,0,Away
2024,Commanders,0,Away
2024,Bills,0,Away
2024,Chiefs,0,Away
2025,Cowboys,0,Away
2025,Chiefs,0,Away
2025,Buccaneers,1,Away
2025,Bengals,1,Away
2025,Dolphins,0,Away
2025,Raiders,1,Away
2025,Cardinals,1,Away
2025,Steelers,1,Away
2025,Giants,0,Away
2025,Panthers,0,Away
2025,49ers,1,Away
2025,Titans,0,Away
2025,Lions,0,Away
2025,Texans,0,Away
2025,Ravens,0,Away
2025,Vikings,1,Away
2025,Commanders,0,Away
2025,Browns,0,Away
2025,Seahawks,1,Away
2025,Bills,1,Away
2025,49ers,1,Away
2025,Giants,0,Away
2025,Rams,1,Away
2025,Bears,0,Away
2025,Jaguars,0,Away
2025,Patriots,1,Away
2025,Broncos,0,Away
2025,Panthers,0,Away
2025,Eagles,1,Away
2025,Falcons,1,Away
2025,Buccaneers,1,Away
2025,Chargers,1,Away
2025,Dolphins,0,Away
2025,Raiders,0,Away
2025,Texans,0,Away
2025,Falcons,0,Away
2025,Jets,0,Away
2025,Packers,0,Away
2025,Steelers,1,Away
2025,Bengals,0,Away
2025,Colts,1,Away
2025,Rams,0,Away
2025,Broncos,0,Away
2025,Saints,0,Away
2025,Cowboys,0,Away
2025,Cardinals,0,Away
2025,Chiefs,1,Away
2025,Lions,1,Away
2025,Seahawks,1,Away
2025,Vikings,0,Away
2025,Titans,0,Away
2025,Eagles,1,Away
2025,Chargers,0,Away
2025,Browns,0,Away
2025,Saints,0,Away
2025,Commanders,0,Away
2025,Panthers,0,Away
2025,Colts,0,Away
2025,Jaguars,1,Away
2025,Ravens,0,Away
2025,Bears,1,Away
2025,Packers,0,Away
2025,Jets,0,Away
2025,Bengals,0,Away
2025,49ers,1,Away
2025,Vikings,1,Away
2025,Texans,1,Away
2025,Dolphins,0,Away
2025,Broncos,1,Away
2025,Cowboys,1,Away
2025,Giants,0,Away
2025,Raiders,0,Away
2025,Titans,1,Away
2025,Buccaneers,1,Away
2025,Lions,1,Away
2025,Commanders,1,Away
2025,Patriots,1,Away
2025,Chiefs,0,Away
2025,Eagles,0,Away
2025,Broncos,1,Away
2025,Rams,1,Away
2025,Cowboys,0,Away
2025,Browns,0,Away
2025,Seahawks,1,Away
2025,Chargers,1,Away
2025,Patriots,1,Away
2025,Cardinals,0,Away
2025,Titans,0,Away
2025,Bengals,0,Away
2025,49ers,0,Away
2025,Lions,0,Away
2025,Bills,0,Away
2025,Bears,1,Away
2025,Steelers,0,Away
2025,Rams,1,Away
2025,Saints,0,Away
2025,Dolphins,0,Away
2025,Patriots,1,Away
2025,Raiders,0,Away
2025,Eagles,1,Away
2025,Panthers,1,Away
2025,Giants,0,Away
2025,Colts,1,Away
2025,Packers,1,Away
2025,Commanders,0,Away
2025,Falcons,0,Away
2025,Buccaneers,0,Away
2025,Texans,0,Away
2025,Vikings,0,Away
2025,Dolphins,1,Away
2025,Jets,1,Away
2025,Browns,0,Away
2025,Giants,0,Away
2025,Bills,1,Away
2025,Bears,0,Away
2025,49ers,0,Away
2025,Buccaneers,1,Away
2025,Cowboys,0,Away
2025,Titans,0,Away
2025,Packers,1,Away
2025,Commanders,0,Away
2025,Ravens,1,Away
2025,Bears,1,Away
2025,Vikings,1,Away
2025,Panthers,1,Away
2025,Chargers,1,Away
2025,Falcons,0,Away
2025,49ers,1,Away
2025,Colts,0,Away
2025,Broncos,1,Away
2025,Jaguars,1,Away
2025,Saints,0,Away
2025,Chiefs,0,Away
2025,Seahawks,1,Away
2025,Cardinals,1,Away
2025,Raiders,0,Away
2025,Falcons,0,Away
2025,Patriots,1,Away
2025,Jaguars,0,Away
2025,Browns,0,Away
2025,Saints,1,Away
2025,Bills,0,Away
2025,Giants,0,Away
2025,Ravens,1,Away
2025,Cardinals,0,Away
2025,Rams,1,Away
2025,Lions,1,Away
2025,Steelers,0,Away
2025,Eagles,1,Away
2025,Jets,0,Away
2025,Commanders,0,Away
2025,Panthers,1,Away
2025,Buccaneers,0,Away
2025,Texans,1,Away
2025,Bears,1,Away
2025,Packers,1,Away
2025,Bengals,0,Away
2025,Chargers,0,Away
2025,49ers,1,Away
2025,Seahawks,0,Away
2025,Ravens,1,Away
2025,Chiefs,0,Away
2025,Lions,0,Away
2025,Cowboys,1,Away
2025,Bills,0,Away
2025,Giants,0,Away
2025,Steelers,0,Away
2025,Patriots,1,Away
2025,Vikings,0,Away
2025,Seahawks,1,Away
2025,Colts,0,Away
2025,Jets,0,Away
2025,Browns,1,Away
2025,Jaguars,1,Away
2025,Eagles,0,Away
2025,Falcons,1,Away
2025,Buccaneers,0,Away
2025,Panthers,0,Away
2025,Packers,1,Away
2025,Chiefs,0,Away
2025,Bengals,1,Away
2025,Bears,1,Away
2025,49ers,1,Away
2025,Jaguars,1,Away
2025,Texans,1,Away
2025,Saints,0,Away
2025,Falcons,0,Away
2025,Cardinals,0,Away
2025,Rams,0,Away
2025,Vikings,0,Away
2025,Bills,1,Away
2025,Raiders,0,Away
2025,Broncos,1,Away
2025,Giants,0,Away
2025,Cowboys,0,Away
2025,Seahawks,1,Away
2025,Bengals,0,Away
2025,Titans,1,Away
2025,Commanders,0,Away
2025,Dolphins,1,Away
2025,Saints,1,Away
2025,Colts,0,Away
2025,Steelers,1,Away
2025,Broncos,1,Away
2025,Bears,0,Away
2025,Rams,1,Away
2025,Texans,1,Away
2025,Eagles,0,Away
2025,Falcons,1,Away
2025,Jets,0,Away
2025,Raiders,0,Away
2025,Commanders,1,Away
2025,Cardinals,0,Away
2025,Bills,1,Away
2025,Ravens,1,Away
2025,Browns,0,Away
2025,Chargers,1,Away
2025,Packers,0,Away
2025,Lions,0,Away
2025,Panthers,0,Away
2025,Titans,0,Away
2025,Colts,0,Away
2025,Vikings,1,Away
2025,Dolphins,0,Away
2025,Rams,0,Away
2025,Eagles,1,Away
2025,Packers,0,Away
2025,Buccaneers,0,Away
2025,Vikings,1,Away
2025,Jets,0,Away
2025,Bengals,1,Away
2025,Chargers,1,Away
2025,Bills,1,Away
2025,Chiefs,0,Away
2025,Jaguars,1,Away
2025,Falcons,1,Away
2025,Steelers,1,Away
2025,Raiders,0,Away
2025,Patriots,1,Away
2025,49ers,1,Away
2025,Cowboys,1,Away
2025,Lions,0,Away
2025,Broncos,1,Away
2025,Texans,1,Away
2025,Ravens,1,Away
2025,Patriots,1,Away
2025,Seahawks,1,Away
2025,Jaguars,1,Away
2025,Buccaneers,0,Away
2025,Steelers,0,Away
2025,Saints,1,Away
2025,Cardinals,0,Away
2025,Giants,1,Away
2025,Eagles,1,Away
2025,Bears,0,Away
2025,Rams,0,Away
2025,Panthers,0,Away
2025,Seahawks,1,Away
2025,Saints,0,Away
2025,Browns,1,Away
2025,Packers,0,Away
2025,Cowboys,0,Away
2025,Titans,0,Away
2025,Colts,0,Away
2025,Commanders,1,Away
2025,Cardinals,0,Away
2025,Dolphins,0,Away
2025,Chargers,0,Away
2025,Lions,1,Away
2025,Jets,0,Away
2025,Chiefs,0,Away
2025,Ravens,0,Away
2025,Rams,1,Away
2025,Packers,0,Away
2025,Bills,1,Away
2025,49ers,1,Away
2025,Chargers,0,Away
2025,Texans,1,Away
2025,Bills,0,Away
2025,49ers,0,Away
2025,Texans,0,Away
2025,Rams,1,Away
2025,Patriots,1,Away
2025,Rams,0,Away
2025,Seahawks,1,Away
